Attendance,Study_Hours,Previous_Marks,Result
85,4.5,77,Pass
64,4.5,95,Pass
91,1.5,28,Fail
80,0.5,42,Fail
41,2.0,67,Fail
98,1.5,54,Pass
84,2.5,70,Pass
86,6.0,66,Pass
43,1.5,80,Fail
64,2.5,30,Pass
59,4.5,56,Pass
95,3.5,85,Pass
77,0.5,50,Pass
88,1.5,60,Pass
64,5.5,27,Fail
50,1.0,41,Fail
71,4.0,57,Pass
39,5.0,53,Fail
89,2.0,75,Pass
76,4.5,68,Pass
84,1.5,87,Pass
58,2.0,85,Pass
98,2.0,42,Fail
93,6.0,26,Pass
86,1.5,85,Pass
48,1.0,48,Fail
65,5.5,49,Fail
38,1.5,36,Fail
45,5.5,74,Pass
79,4.0,45,Pass
83,3.5,37,Pass
98,4.5,60,Pass
56,4.5,78,Fail
59,1.0,44,Fail
66,6.0,76,Pass
47,5.5,57,Fail
43,5.5,53,Pass
66,4.0,50,Pass
50,3.5,35,Fail
79,3.5,48,Pass
63,0.5,87,Fail
89,3.0,32,Pass
81,4.0,92,Pass
55,4.0,33,Fail
89,2.5,50,Fail
87,3.0,67,Pass
60,4.0,84,Fail
54,3.0,35,Fail
79,6.0,35,Pass
44,4.5,69,Pass
48,0.5,45,Fail
35,0.5,70,Fail
86,4.5,82,Pass
78,3.0,30,Fail
81,5.0,84,Pass
86,1.5,28,Pass
65,0.5,88,Pass
72,2.5,93,Pass
44,4.5,72,Pass
42,6.0,94,Pass
78,5.5,83,Pass
66,3.0,28,Fail
72,5.0,25,Pass
85,1.0,26,Pass
76,3.5,57,Pass
71,5.5,69,Pass
71,2.5,59,Pass
55,6.0,72,Pass
37,1.5,56,Fail
63,1.0,28,Fail
49,3.5,41,Fail
62,5.5,94,Pass
90,2.0,49,Pass
50,5.0,48,Fail
39,1.5,36,Fail
53,4.5,94,Pass
54,3.5,41,Pass
78,1.5,70,Pass
71,4.5,28,Pass
86,4.5,30,Pass
78,3.5,75,Pass
61,1.5,69,Pass
88,1.0,73,Pass
46,6.0,41,Pass
36,4.0,94,Pass
41,5.0,64,Pass
82,4.5,93,Pass
65,5.0,36,Pass
45,1.5,53,Fail
68,3.0,48,Pass
45,4.0,78,Pass
80,1.0,77,Fail
64,1.5,59,Fail
60,4.0,26,Fail
55,5.5,37,Pass
76,4.0,29,Pass
59,0.5,84,Fail
41,6.0,45,Pass
43,1.5,33,Fail
98,2.0,50,Pass
94,6.0,30,Pass
80,4.5,94,Pass
52,5.5,47,Pass
98,5.0,90,Pass
86,4.0,73,Pass
82,2.0,65,Fail
64,2.5,58,Fail
53,5.5,73,Pass
41,5.0,73,Pass
94,2.5,26,Fail
65,2.5,89,Pass
48,2.0,51,Fail
55,2.5,50,Fail
73,5.0,53,Pass
46,0.5,73,Fail
91,3.0,51,Pass
84,5.5,51,Pass
82,3.5,29,Pass
63,3.0,54,Fail
76,2.0,35,Fail
73,1.0,85,Fail
77,1.5,48,Pass
40,1.0,92,Fail
62,1.0,73,Fail
38,1.5,78,Fail
67,2.0,91,Pass
56,0.5,42,Fail
44,5.5,65,Pass
42,1.0,28,Fail
73,2.5,32,Fail
46,5.5,51,Pass
95,1.0,73,Pass
73,3.0,83,Pass
58,5.0,43,Pass
73,3.5,77,Pass
36,1.5,41,Fail
97,4.5,25,Pass
66,4.0,29,Fail
86,2.5,66,Pass
40,1.0,60,Fail
67,0.5,44,Fail
67,5.0,25,Pass
96,2.5,65,Pass
72,1.5,82,Pass
66,3.5,30,Pass
52,5.5,77,Pass
57,0.5,69,Fail
69,1.0,59,Fail
64,3.0,28,Fail
36,4.0,90,Pass
89,3.0,58,Pass
93,5.5,53,Pass
44,0.5,85,Fail
71,2.5,84,Pass
42,2.5,76,Pass
79,2.5,83,Pass
53,3.0,34,Fail
78,5.0,78,Pass
82,2.0,48,Fail
85,4.5,86,Pass
42,1.5,51,Fail
95,3.5,29,Pass
50,2.5,54,Pass
37,3.5,78,Fail
71,1.0,60,Fail
59,5.5,78,Pass
89,5.5,27,Pass
88,5.0,37,Pass
56,5.5,64,Pass
97,1.5,52,Pass
54,3.5,73,Pass
68,2.0,92,Pass
52,5.5,71,Pass
96,1.5,54,Pass
46,1.5,63,Fail
38,4.5,89,Pass
63,1.0,72,Pass
100,4.5,81,Pass
93,2.0,46,Pass
84,4.0,77,Pass
93,5.5,35,Pass
93,4.0,77,Pass
69,1.5,87,Pass
56,1.0,88,Pass
85,0.5,33,Fail
78,1.0,83,Pass
59,3.5,33,Fail
41,2.5,58,Fail
84,2.0,73,Pass
52,1.5,59,Fail
96,5.5,49,Pass
51,1.0,73,Fail
43,2.0,71,Pass
89,3.0,66,Pass
45,0.5,62,Fail
47,5.5,74,Pass
74,1.0,53,Fail
92,4.5,30,Pass
48,4.0,63,Pass
55,5.0,76,Pass
86,4.0,46,Pass
98,4.5,35,Pass
68,3.0,89,Pass
44,3.0,85,Fail
36,4.5,68,Pass
50,3.5,80,Pass
44,3.5,93,Pass
79,1.5,65,Pass
43,2.0,42,Fail
68,2.5,70,Pass
80,0.5,89,Fail
73,3.0,73,Pass
48,0.5,27,Fail
87,3.5,89,Pass
82,4.5,78,Pass
83,3.5,53,Pass
44,4.5,94,Pass
43,0.5,76,Fail
95,1.0,83,Pass
61,4.5,91,Pass
55,5.0,28,Fail
67,4.5,79,Pass
78,4.0,52,Pass
97,4.5,86,Pass
54,4.5,87,Pass
95,4.5,83,Pass
37,4.5,80,Pass
71,1.0,81,Fail
76,1.0,46,Fail
42,2.5,53,Fail
44,3.5,33,Fail
62,4.5,83,Pass
98,2.5,70,Pass
74,2.0,68,Pass
96,5.0,42,Pass
87,2.0,68,Pass
65,5.0,57,Pass
86,1.5,95,Pass
36,2.5,85,Pass
42,2.5,62,Fail
89,2.0,82,Pass
87,0.5,37,Fail
50,2.0,32,Fail
70,2.5,69,Pass
74,2.0,76,Pass
91,5.0,29,Pass
74,1.0,39,Fail
62,2.5,63,Fail
59,0.5,29,Fail
63,5.5,55,Fail
77,5.0,59,Pass
91,6.0,90,Pass
65,5.5,47,Pass
51,2.0,37,Fail
50,4.5,26,Fail
83,2.0,34,Pass
88,5.5,78,Pass
42,3.0,56,Pass
39,2.5,39,Fail
74,5.5,90,Pass
45,5.0,80,Pass
89,6.0,33,Pass
55,1.0,44,Fail
44,2.0,84,Pass
95,2.0,73,Pass
46,3.0,91,Pass
54,3.0,30,Fail
45,2.0,79,Fail
43,5.0,30,Fail
36,1.5,49,Fail
39,4.5,78,Pass
46,5.0,75,Pass
38,4.0,25,Fail
73,2.5,39,Fail
79,1.5,80,Pass
61,1.0,34,Fail
56,4.5,48,Pass
68,3.0,38,Fail
92,1.0,33,Fail
90,6.0,84,Pass
38,4.0,29,Fail
47,5.0,63,Pass
50,3.0,73,Fail
51,6.0,29,Pass
72,1.5,69,Pass
62,1.5,48,Fail
38,5.5,83,Pass
59,5.5,81,Pass
69,3.0,81,Pass
42,1.0,53,Fail
89,2.0,83,Pass
38,4.5,69,Fail
95,5.0,52,Pass
41,2.5,31,Fail
90,1.0,30,Fail
94,4.0,43,Pass
99,4.5,46,Pass
87,3.0,90,Pass
86,3.5,95,Pass
77,6.0,35,Pass
86,2.0,91,Pass
44,3.5,74,Fail
70,4.0,60,Pass
68,3.5,92,Pass
91,5.5,75,Pass
65,4.0,67,Pass
60,3.5,40,Fail
77,1.0,42,Fail
52,4.5,89,Pass
44,1.0,40,Fail
66,0.5,27,Fail
62,3.0,44,Fail
50,3.5,59,Pass
59,6.0,52,Pass
59,4.5,91,Pass
56,5.0,54,Pass
60,2.5,87,Pass
80,3.5,67,Pass
54,6.0,62,Pass
97,3.0,36,Pass
95,5.0,44,Pass
66,3.5,86,Pass
56,1.5,80,Pass
70,3.5,56,Pass
90,1.5,89,Pass
77,0.5,82,Fail
87,2.0,33,Pass
70,1.5,67,Fail
76,2.5,81,Pass
54,5.5,82,Pass
83,2.5,31,Fail
48,5.0,41,Fail
80,3.5,54,Pass
91,0.5,43,Fail
44,1.5,33,Fail
75,5.5,69,Pass
41,4.0,61,Fail
82,5.5,36,Pass
40,2.0,66,Fail
96,4.5,29,Pass
44,4.5,52,Pass
97,6.0,80,Pass
87,0.5,87,Fail
74,5.5,42,Pass
86,2.5,85,Pass
87,5.0,87,Pass
96,3.5,67,Pass
51,3.5,94,Pass
73,2.5,42,Fail
41,5.0,30,Pass
75,2.0,84,Pass
46,3.0,59,Fail
72,3.5,49,Pass
72,4.5,29,Pass
65,3.0,30,Pass
69,4.0,31,Pass
85,3.0,38,Pass
87,4.0,93,Pass
67,4.0,45,Fail
74,4.5,82,Pass
96,5.0,26,Pass
43,3.5,48,Fail
43,1.5,88,Fail
41,4.0,38,Fail
78,1.0,45,Fail
62,1.5,83,Pass
85,5.0,33,Pass
79,3.0,29,Pass
57,3.0,93,Pass
93,6.0,53,Pass
85,2.0,71,Pass
53,0.5,34,Fail
59,1.0,40,Fail
55,2.0,57,Fail
45,4.5,72,Pass
45,5.0,46,Pass
96,3.5,87,Pass
63,2.0,80,Pass
60,3.5,64,Pass
82,0.5,57,Pass
71,4.0,68,Pass
96,4.0,76,Pass
86,0.5,34,Fail
66,5.0,85,Pass
59,4.5,59,Pass
99,2.0,90,Pass
82,4.0,92,Pass
97,4.0,27,Pass
43,1.5,52,Fail
90,1.5,62,Pass
76,4.5,63,Pass
43,5.5,83,Pass
73,3.5,35,Pass
80,3.5,69,Pass
36,4.0,91,Pass
65,3.0,95,Pass
89,1.0,26,Fail
54,2.5,93,Pass
65,5.5,34,Pass
64,5.0,63,Pass
55,5.5,42,Pass
95,1.5,67,Pass
86,3.5,28,Pass
42,3.5,42,Fail
100,1.5,46,Fail
92,1.5,89,Pass
53,5.0,66,Pass
89,4.0,75,Pass
42,4.0,72,Pass
100,2.0,52,Fail
78,3.5,26,Fail
77,0.5,32,Fail
41,1.0,57,Fail
93,3.5,91,Pass
37,2.0,42,Fail
51,6.0,74,Pass
44,3.0,83,Fail
85,1.0,88,Pass
48,0.5,46,Fail
94,4.5,90,Pass
78,1.5,68,Pass
37,1.5,61,Fail
35,3.0,79,Pass
38,2.0,42,Fail
74,4.0,82,Pass
87,3.0,70,Pass
51,1.0,81,Pass
90,5.0,85,Pass
39,3.0,68,Fail
87,4.0,28,Fail
95,0.5,46,Pass
85,4.0,86,Pass
80,2.0,69,Pass
89,3.0,87,Pass
38,2.0,52,Fail
48,6.0,60,Pass
43,2.0,85,Pass
68,5.5,78,Pass
83,5.5,51,Pass
76,3.0,27,Fail
90,2.0,87,Pass
45,2.5,80,Fail
83,6.0,56,Pass
48,4.0,63,Pass
53,3.5,39,Fail
81,0.5,54,Fail
99,5.0,36,Pass
75,1.0,40,Fail
39,1.0,84,Fail
75,2.0,50,Fail
38,3.0,82,Pass
92,5.5,58,Pass
81,5.0,30,Pass
46,1.5,50,Fail
41,2.5,36,Fail
47,5.0,74,Pass
99,3.5,89,Pass
65,1.5,78,Pass
86,2.5,79,Pass
76,4.0,85,Pass
72,6.0,79,Pass
44,4.0,65,Pass
96,0.5,75,Pass
55,4.5,54,Pass
73,2.0,30,Fail
80,5.0,74,Pass
77,2.5,76,Pass
96,1.5,41,Pass
45,3.0,92,Pass
68,2.0,29,Fail
61,2.0,77,Pass
66,3.5,93,Pass
43,4.5,47,Fail
44,5.0,89,Pass
53,2.5,83,Fail
55,1.0,77,Fail
63,3.0,92,Pass
75,3.0,71,Pass
76,1.5,60,Pass
62,5.5,72,Pass
62,6.0,54,Pass
49,1.0,48,Fail
73,5.0,31,Fail
56,4.0,51,Pass
37,2.0,81,Pass
62,4.0,91,Pass
66,1.0,93,Pass
50,1.0,39,Fail
72,6.0,65,Pass
72,4.0,65,Pass
81,2.0,37,Pass
77,3.0,66,Pass
77,5.5,50,Pass
56,3.0,91,Pass
86,5.5,43,Pass
71,5.5,83,Pass
63,2.5,88,Pass
76,4.5,77,Pass
58,4.0,40,Fail
68,4.5,43,Pass
83,2.5,93,Pass
93,1.0,30,Fail
95,1.5,33,Pass
68,4.0,93,Pass
69,5.0,79,Pass
87,4.5,77,Pass
55,3.5,36,Fail
89,1.0,59,Pass
67,0.5,84,Fail
43,5.0,48,Fail
40,3.5,38,Fail
90,5.0,26,Pass
39,1.5,69,Fail
53,2.5,46,Fail
57,5.5,85,Pass
46,1.5,45,Fail
55,1.0,36,Fail
83,4.0,92,Pass
36,4.0,93,Fail
89,5.5,73,Pass
91,5.5,90,Pass
59,4.5,36,Fail
45,0.5,57,Fail
74,3.0,39,Pass
43,5.5,59,Pass
59,3.0,80,Pass
97,6.0,84,Pass
100,4.0,25,Pass
85,1.0,52,Fail
55,3.5,95,Pass
80,4.5,66,Pass
81,1.0,46,Fail
60,2.5,52,Pass
77,4.5,48,Pass
36,1.5,56,Fail
49,2.5,56,Fail
69,4.5,60,Pass
46,5.0,58,Fail
46,3.5,61,Fail
89,6.0,27,Pass
99,5.5,29,Pass
71,3.0,51,Fail
90,1.5,87,Pass
99,5.0,80,Pass
44,2.0,33,Fail
64,5.0,60,Pass
61,3.5,67,Pass
40,2.5,59,Fail
84,3.5,74,Pass
63,3.5,95,Pass
66,5.5,32,Pass
45,1.5,61,Fail
47,5.5,61,Pass
94,0.5,64,Pass
38,4.5,37,Fail
50,5.5,70,Pass
54,2.5,28,Fail
67,1.0,77,Pass
73,5.0,71,Pass
67,5.0,48,Pass
40,2.5,94,Fail
51,3.5,83,Fail
90,5.0,63,Pass
76,1.5,94,Pass
77,4.0,83,Pass
79,3.0,35,Fail
85,1.5,66,Pass
39,5.0,66,Pass
59,2.5,71,Pass
70,5.5,91,Pass
57,3.5,59,Fail
90,3.5,30,Pass
66,3.0,59,Pass
85,2.5,80,Pass
90,5.0,50,Pass
68,4.0,27,Fail
94,5.0,46,Pass
73,3.0,73,Pass
90,2.0,31,Fail
57,1.0,51,Fail
67,5.0,34,Pass
70,3.0,58,Pass
42,3.5,35,Fail
61,3.0,33,Fail
95,3.0,74,Pass
76,4.5,36,Pass
47,4.0,36,Pass
57,6.0,66,Pass
47,1.5,28,Fail
37,3.5,27,Fail
95,1.0,55,Pass
64,5.0,51,Fail
55,4.0,63,Pass
74,3.0,95,Pass
35,5.0,55,Fail
53,3.0,65,Pass
81,2.0,89,Pass
76,3.0,59,Pass
99,1.0,80,Pass
75,5.5,63,Pass
66,4.5,70,Pass
84,4.5,90,Pass
94,5.5,25,Pass
82,5.0,88,Pass
98,3.0,60,Pass
86,1.0,67,Pass
91,2.5,57,Pass
42,5.5,43,Pass
83,5.5,30,Pass
64,4.5,91,Pass
71,1.5,69,Pass
78,1.5,86,Pass
98,5.5,45,Pass
99,1.5,44,Pass
54,3.5,49,Fail
83,2.5,41,Pass
84,2.0,60,Pass
58,4.0,91,Pass
43,6.0,86,Pass
38,5.0,60,Fail
86,3.0,49,Pass
67,3.0,68,Pass
99,5.5,68,Pass
65,3.5,73,Pass
99,3.0,62,Pass
62,4.5,27,Pass
87,2.0,30,Pass
41,1.0,93,Fail
71,5.0,77,Pass
87,4.0,91,Pass
95,1.5,49,Pass
88,2.0,62,Pass
37,6.0,48,Pass
59,4.0,89,Pass
38,4.0,45,Fail
42,1.0,74,Pass
79,6.0,37,Pass
81,5.5,32,Pass
85,3.5,36,Pass
91,2.0,62,Pass
83,4.5,84,Pass
87,5.0,95,Pass
38,5.0,69,Fail
50,6.0,62,Pass
75,4.0,80,Pass
91,2.5,29,Pass
35,3.0,82,Fail
68,5.0,78,Pass
79,2.0,62,Pass
37,2.0,27,Fail
61,4.5,39,Pass
93,3.0,51,Pass
79,5.0,91,Pass
50,1.5,70,Fail
90,2.5,61,Pass
58,2.0,59,Fail
90,4.5,80,Pass
54,4.5,48,Pass
73,3.0,32,Fail
61,3.0,72,Pass
53,1.0,48,Fail
93,4.5,48,Pass
47,6.0,57,Pass
41,5.0,42,Fail
57,1.5,90,Fail
82,4.0,84,Pass
87,2.0,94,Pass
100,0.5,93,Pass
54,1.5,47,Fail
62,1.0,52,Fail
44,1.5,74,Fail
72,5.0,26,Fail
100,2.0,95,Pass
81,4.5,26,Pass
74,5.5,62,Pass
61,3.5,72,Pass
94,3.0,89,Pass
67,4.5,70,Pass
44,1.0,67,Fail
59,3.0,46,Fail
39,3.0,66,Fail
48,5.0,77,Pass
36,5.0,61,Pass
64,5.0,80,Pass
76,4.5,30,Pass
57,3.5,48,Pass
62,5.0,92,Pass
97,5.5,48,Pass
84,3.0,69,Pass
70,6.0,61,Pass
53,5.5,91,Pass
93,3.5,36,Pass
50,1.0,46,Fail
56,1.5,85,Fail
94,5.0,72,Pass
69,1.0,63,Pass
83,3.0,53,Pass
73,4.0,54,Pass
77,5.5,90,Pass
54,5.0,72,Pass
51,4.5,90,Pass
56,2.5,93,Pass
45,1.5,63,Fail
92,4.0,68,Pass
53,1.5,71,Pass
71,3.5,84,Pass
86,6.0,71,Pass
86,3.5,33,Fail
63,4.0,91,Pass
66,4.0,71,Pass
100,5.0,86,Pass
79,3.0,55,Pass
88,3.0,58,Pass
94,1.5,73,Pass
86,4.0,79,Pass
47,2.0,30,Fail
72,3.5,54,Pass
42,4.5,79,Pass
77,0.5,94,Pass
97,3.5,26,Fail
68,1.5,44,Fail
63,2.0,58,Fail
37,0.5,41,Fail
97,1.5,27,Fail
42,6.0,63,Pass
38,6.0,70,Pass
51,4.5,54,Pass
39,4.0,51,Fail
65,5.0,94,Pass
69,5.5,58,Pass
55,3.5,81,Pass
38,0.5,45,Fail
42,4.5,83,Pass
60,6.0,83,Pass
39,2.0,44,Fail
80,3.0,71,Pass
48,2.5,73,Fail
55,2.5,56,Fail
61,4.5,79,Pass
62,2.5,46,Pass
35,5.5,59,Pass
42,5.0,94,Pass
91,0.5,38,Pass
35,5.0,35,Fail
68,5.0,35,Pass
67,3.5,95,Pass
57,3.0,36,Fail
63,5.0,38,Pass
86,3.0,74,Pass
90,1.5,78,Pass
52,2.0,62,Fail
56,2.0,94,Pass
51,4.0,28,Pass
66,1.5,68,Pass
79,4.0,67,Pass
50,3.0,47,Fail
56,5.0,88,Pass
95,3.0,64,Pass
38,5.5,42,Fail
65,5.5,31,Pass
81,1.5,32,Fail
45,4.5,88,Pass
38,1.5,43,Fail
44,5.0,88,Pass
95,4.0,33,Pass
36,2.0,94,Pass
47,2.0,83,Fail
37,3.0,33,Fail
42,5.0,31,Fail
75,5.0,81,Pass
51,0.5,30,Fail
72,2.0,43,Fail
73,3.0,81,Pass
90,3.5,89,Pass
35,1.5,79,Fail
90,2.5,87,Pass
75,5.5,64,Pass
46,3.0,80,Fail
85,4.5,49,Pass
91,3.0,80,Pass
52,3.0,73,Fail
95,4.0,65,Pass
65,2.0,94,Pass
74,2.0,58,Pass
99,6.0,68,Pass
58,5.5,61,Pass
88,4.5,43,Pass
56,1.5,48,Fail
87,0.5,94,Pass
74,1.5,52,Fail
49,5.5,73,Pass
62,5.0,65,Pass
56,3.5,87,Pass
40,6.0,78,Pass
37,1.5,31,Fail
58,3.5,50,Pass
36,1.5,75,Fail
46,2.0,36,Fail
82,5.5,60,Pass
81,5.5,47,Pass
83,1.0,30,Fail
56,2.0,95,Pass
93,4.0,90,Pass
74,1.0,77,Pass
43,3.5,39,Pass
44,3.5,94,Fail
80,2.0,69,Pass
46,2.0,93,Pass
68,2.0,28,Fail
99,5.5,37,Pass
35,2.5,72,Fail
36,3.5,89,Pass
100,2.0,37,Fail
73,4.5,47,Pass
43,1.0,66,Fail
93,1.0,95,Pass
92,4.5,81,Pass
70,4.5,90,Pass
75,2.0,72,Pass
53,2.5,86,Pass
38,6.0,60,Pass
74,1.0,34,Fail
54,1.5,75,Fail
78,3.0,67,Pass
89,2.0,59,Pass
36,4.0,44,Fail
74,4.5,80,Pass
50,3.5,82,Pass
92,4.0,50,Pass
51,3.0,90,Pass
75,4.5,51,Pass
71,0.5,33,Fail
61,2.0,37,Fail
79,4.5,60,Pass
82,2.5,31,Fail
72,1.0,75,Fail
84,2.5,81,Pass
99,4.5,63,Pass
62,1.0,88,Fail
68,4.5,92,Pass
36,5.0,56,Pass
87,4.0,31,Pass
69,2.0,41,Fail
62,5.0,71,Pass
41,1.5,53,Fail
93,5.5,73,Pass
61,4.5,72,Pass
79,1.0,67,Fail
45,5.0,36,Fail
98,3.5,45,Pass
47,3.0,51,Pass
48,3.0,83,Pass
91,4.0,73,Pass
94,4.5,70,Pass
49,5.5,72,Pass
66,2.0,60,Fail
83,4.0,28,Pass
92,4.5,39,Pass
60,4.0,35,Fail
69,3.0,29,Pass
83,2.5,47,Pass
83,4.5,80,Pass
86,2.0,33,Fail
72,1.5,33,Fail
42,3.5,34,Fail
94,2.0,44,Pass
91,0.5,39,Fail
87,1.0,26,Fail
41,4.5,44,Fail
48,6.0,95,Pass
83,3.0,49,Pass
37,1.5,40,Fail
99,5.0,60,Pass
60,2.0,41,Fail
82,6.0,64,Pass
93,3.5,53,Pass
61,2.0,88,Pass
56,3.0,90,Pass
75,2.5,75,Pass
73,5.0,40,Pass
62,1.0,58,Fail
74,5.0,46,Pass
96,4.5,81,Pass
65,5.0,27,Fail
48,5.5,71,Pass
60,2.0,48,Fail
61,3.5,59,Pass
44,5.0,48,Pass
46,2.5,51,Fail
79,1.0,72,Pass
57,2.0,67,Fail
97,2.0,42,Pass
51,5.5,28,Pass
41,3.0,85,Pass
84,4.5,59,Pass
92,6.0,68,Pass
53,2.0,59,Fail
48,4.5,68,Pass
47,0.5,69,Fail
69,1.0,26,Fail
65,1.5,62,Fail
52,2.0,60,Fail
38,2.5,32,Fail
66,3.0,77,Pass
97,2.0,42,Pass
77,1.0,29,Fail
67,4.0,81,Pass
42,0.5,86,Fail
51,5.0,42,Pass
54,5.5,73,Pass
85,4.5,25,Pass
92,4.0,75,Pass
94,4.0,58,Pass
99,4.0,80,Pass
99,5.5,53,Pass
97,6.0,50,Pass
40,3.0,84,Pass
44,4.0,28,Fail
55,5.0,38,Pass
71,0.5,54,Fail
41,3.5,67,Fail
90,4.0,25,Pass
75,4.5,65,Pass
70,2.5,51,Fail
46,2.0,69,Pass
51,1.5,88,Fail
45,3.5,56,Fail
90,5.5,64,Pass
73,5.5,57,Pass
83,2.5,33,Pass
54,2.0,81,Pass
59,5.0,87,Pass
61,4.5,82,Pass
84,3.5,91,Pass
85,2.5,58,Pass
48,1.0,71,Fail
96,5.0,37,Pass
43,4.0,93,Pass
93,2.5,66,Pass
42,5.5,43,Pass
52,4.0,81,Pass
90,5.5,66,Pass
47,3.0,91,Pass
62,3.0,79,Pass
64,5.5,86,Pass
51,6.0,63,Pass
81,6.0,61,Pass
90,5.0,78,Pass
92,3.0,32,Pass
57,1.5,29,Fail
70,2.5,94,Pass
51,5.5,89,Pass
51,2.5,92,Pass
45,4.5,29,Fail
96,5.5,44,Pass
93,6.0,88,Pass
86,5.5,31,Pass
69,3.5,57,Pass
67,3.0,49,Fail
69,6.0,87,Pass
70,1.5,61,Fail
63,1.5,45,Fail
44,6.0,62,Pass
43,4.5,33,Fail
97,3.5,76,Pass
66,1.0,68,Pass
97,3.5,67,Pass
46,5.5,56,Pass
71,4.0,46,Pass
49,2.5,30,Fail
51,3.5,91,Pass
37,5.5,54,Fail
43,5.5,60,Pass
95,2.5,51,Pass
56,4.0,94,Pass
75,2.0,81,Pass
65,3.0,32,Fail
61,1.5,68,Pass
70,3.5,59,Fail
47,3.5,81,Pass
99,2.5,95,Pass
88,2.0,77,Pass
83,1.5,86,Pass
65,1.5,60,Fail
45,4.5,51,Fail
95,1.5,70,Pass
57,1.0,77,Fail
38,6.0,41,Pass
57,2.0,60,Pass
87,5.5,33,Pass
75,4.0,40,Fail
84,4.5,87,Pass
87,3.5,35,Pass
49,1.5,82,Fail
95,5.0,51,Pass
63,5.0,71,Pass
77,2.5,89,Pass
35,4.5,80,Pass
100,3.5,83,Pass
53,5.5,43,Pass
39,5.0,50,Fail
65,0.5,76,Fail
43,5.5,79,Pass
45,6.0,80,Pass
76,4.5,77,Pass
61,1.0,41,Pass
95,5.0,45,Pass
56,4.0,91,Pass
82,2.5,64,Pass
65,5.5,78,Pass
78,3.5,67,Pass
74,5.0,90,Pass
66,4.0,86,Pass
97,2.0,43,Pass
57,6.0,87,Pass
47,3.5,46,Fail
79,3.5,56,Pass
90,2.5,85,Pass
38,1.0,48,Fail
64,4.5,45,Pass
93,3.0,72,Pass
84,5.5,95,Pass
99,6.0,34,Pass
70,4.5,74,Pass
78,2.0,62,Pass
55,4.5,54,Pass
97,0.5,77,Pass
59,5.0,64,Pass
83,3.0,81,Pass
61,5.5,77,Pass
72,2.5,94,Pass
82,2.0,82,Pass
68,6.0,30,Pass
94,3.5,80,Pass
62,5.0,70,Pass
77,5.5,31,Pass
57,3.5,67,Pass
62,3.0,78,Pass
64,3.5,39,Pass
43,5.0,55,Fail
41,6.0,63,Pass
78,2.5,54,Fail
78,4.5,86,Pass
78,2.0,37,Fail
36,4.0,79,Fail
56,5.0,79,Pass
48,5.5,56,Pass
86,3.0,63,Pass
91,2.5,36,Pass
51,2.0,39,Fail
78,1.0,62,Fail
43,2.5,41,Fail
53,5.5,81,Pass
44,3.0,68,Fail
53,2.0,29,Fail
79,4.5,50,Pass
94,1.5,85,Pass
48,2.0,44,Fail
70,5.5,75,Pass
81,1.0,32,Fail
97,3.0,90,Pass
75,3.5,56,Pass
52,2.0,59,Fail
76,2.0,65,Pass
56,1.5,50,Fail
98,2.5,76,Pass
61,5.5,26,Pass
80,3.0,36,Pass
37,3.0,38,Fail
61,2.5,69,Pass
92,6.0,87,Pass
75,1.0,29,Fail
64,5.5,85,Pass
96,2.5,82,Pass
91,6.0,30,Pass
56,2.0,35,Fail
70,1.0,50,Fail
67,3.5,33,Pass
76,2.0,78,Pass
57,4.5,60,Pass
51,4.0,54,Fail
94,4.5,76,Pass
95,1.5,46,Pass
90,4.5,86,Pass
99,2.0,71,Pass
83,6.0,49,Pass
85,4.5,63,Pass
85,3.5,43,Pass
66,5.5,94,Pass
65,3.5,55,Pass
51,3.5,88,Pass
77,2.0,93,Pass
54,4.0,63,Pass
52,2.5,76,Fail
73,0.5,65,Pass
62,5.0,31,Pass
49,1.0,92,Fail
88,4.0,57,Pass
91,1.5,88,Pass
46,3.0,71,Pass
35,5.0,32,Pass
57,1.0,54,Fail
87,4.0,39,Pass
90,4.0,37,Pass
44,5.5,75,Pass
85,1.5,27,Fail
43,5.0,93,Pass
60,3.0,56,Fail
100,3.0,59,Pass
48,2.5,46,Fail
45,2.5,31,Fail
62,3.5,66,Pass
75,1.0,49,Fail
96,3.0,69,Pass
99,4.0,64,Pass
40,3.0,40,Fail
44,1.5,57,Fail
86,2.5,47,Fail
53,3.0,42,Fail
93,4.0,79,Pass
78,5.5,26,Pass
42,3.5,44,Fail
89,4.0,62,Pass
46,1.0,58,Fail
63,5.5,91,Pass
71,2.0,84,Pass
68,2.5,78,Pass
80,1.5,61,Fail
77,1.0,55,Fail
99,5.0,28,Pass
100,2.0,83,Pass
69,2.0,55,Fail
41,1.5,47,Fail
82,6.0,67,Pass
98,5.0,78,Pass
56,5.5,62,Pass
65,5.0,35,Pass
63,5.5,90,Pass
38,3.0,33,Fail
79,1.5,93,Pass
58,2.5,56,Fail
86,2.0,91,Pass
89,4.5,89,Pass
88,0.5,53,Pass
62,1.5,81,Pass
56,4.5,31,Fail
84,1.0,31,Fail
87,1.0,50,Fail
67,1.0,68,Fail
93,4.5,26,Pass
44,1.5,61,Fail
92,1.5,93,Pass
41,2.0,85,Pass
45,4.5,41,Pass
70,1.5,62,Fail
39,0.5,37,Fail
38,5.5,43,Fail
35,5.5,90,Pass
63,1.5,95,Pass
85,2.0,42,Pass
37,1.5,40,Fail
77,4.5,52,Pass
89,2.0,56,Pass
46,5.5,31,Pass
45,5.0,35,Fail
91,3.5,55,Pass
89,0.5,41,Fail
70,5.5,84,Pass
88,4.5,78,Pass
41,5.0,63,Pass
61,1.0,55,Fail
83,4.5,83,Pass
52,5.0,37,Pass
84,6.0,87,Pass
68,3.5,28,Pass
84,3.5,90,Pass
65,3.0,35,Pass
59,4.5,82,Pass
49,5.5,26,Fail
49,4.0,82,Fail
84,2.0,66,Pass
43,0.5,26,Fail
41,4.0,79,Pass
46,5.5,32,Pass
46,1.0,63,Fail
89,2.5,48,Pass
61,5.5,78,Pass
99,3.5,85,Pass
44,1.5,57,Fail
77,2.5,78,Pass
64,2.5,89,Pass
61,1.0,73,Fail
92,4.0,48,Pass
98,4.0,57,Pass
92,4.0,41,Pass
47,4.0,57,Pass
49,0.5,42,Fail
78,1.5,82,Pass
54,1.5,68,Fail
83,1.0,69,Pass
72,4.5,33,Pass
71,1.0,25,Fail
89,4.0,80,Pass
81,1.5,63,Fail
37,1.0,90,Fail
38,1.5,63,Fail
74,3.5,40,Fail
67,4.0,74,Pass
52,5.0,74,Pass
62,1.0,30,Fail
84,4.0,74,Pass
89,5.0,40,Pass
71,2.0,43,Fail
60,1.0,27,Fail
53,1.5,69,Fail
69,1.0,76,Pass
55,5.5,41,Pass
72,2.5,80,Pass
79,3.5,78,Pass
39,4.5,54,Pass
35,2.5,30,Fail
49,4.0,45,Fail
93,1.0,37,Fail
77,3.0,92,Pass
46,1.0,82,Fail
93,2.0,30,Pass
66,2.0,61,Fail
66,4.5,44,Pass
96,4.0,27,Pass
39,4.5,48,Pass
49,1.0,34,Fail
73,6.0,41,Pass
48,1.0,48,Fail
79,5.0,54,Pass
49,4.5,58,Pass
41,4.0,61,Fail
48,3.0,51,Pass
62,4.5,60,Pass
46,4.5,54,Fail
44,1.5,93,Pass
91,5.0,30,Pass
56,1.0,66,Fail
58,3.5,39,Pass
39,4.0,51,Fail
58,5.0,63,Pass
52,3.0,78,Fail
75,2.0,93,Pass
48,3.0,60,Fail
93,2.0,43,Fail
95,3.5,80,Pass
41,3.0,41,Fail
42,5.0,61,Pass
42,2.0,84,Fail
75,1.5,53,Fail
43,3.0,64,Fail
90,1.0,33,Fail
84,2.0,29,Pass
88,2.5,94,Pass
69,3.0,38,Fail
100,2.0,48,Pass
38,3.5,60,Fail
61,5.5,51,Pass
56,3.5,32,Fail
97,2.0,39,Fail
72,1.0,60,Fail
87,1.5,56,Pass
46,3.5,81,Pass
99,4.5,47,Pass
67,1.0,91,Pass
67,1.5,45,Fail
98,2.5,48,Pass
60,2.5,91,Pass
61,6.0,84,Pass
73,1.5,47,Pass
43,1.0,53,Fail
56,2.5,84,Pass
48,1.0,31,Fail
42,1.0,46,Fail
91,2.5,62,Pass
73,2.0,83,Pass
58,1.0,65,Fail
62,4.0,59,Pass
63,3.5,92,Pass
76,1.0,33,Fail
95,5.0,80,Pass
96,2.0,34,Pass
60,6.0,76,Pass
56,5.5,63,Pass
64,3.0,44,Fail
72,2.0,63,Pass
65,5.0,87,Pass
78,2.5,58,Pass
71,1.5,25,Fail
56,3.5,29,Fail
57,3.0,69,Pass
60,5.0,72,Pass
41,4.5,53,Pass
46,5.5,42,Fail
82,4.5,75,Pass
60,4.0,46,Pass
49,3.5,30,Fail
72,6.0,54,Pass
84,6.0,63,Pass
52,5.0,93,Pass
89,5.0,66,Pass
95,3.5,40,Pass
74,2.0,83,Pass
78,5.5,45,Pass
38,0.5,92,Fail
96,2.0,48,Pass
61,2.5,89,Pass
95,3.5,87,Pass
73,3.5,85,Pass
35,1.5,28,Fail
38,1.0,84,Fail
79,1.5,75,Pass
72,2.5,48,Fail
37,0.5,59,Fail
83,4.5,70,Pass
90,2.0,91,Pass
67,2.5,80,Fail
65,2.5,55,Pass
35,3.5,70,Fail
86,5.0,38,Pass
56,1.5,55,Fail
92,2.5,80,Pass
59,4.5,67,Pass
72,0.5,80,Fail
53,5.0,61,Pass
45,6.0,52,Pass
85,4.0,77,Pass
67,6.0,32,Pass
70,3.0,94,Pass
98,3.0,91,Pass
98,1.0,87,Pass
91,0.5,87,Pass
47,2.0,61,Fail
74,3.0,60,Pass
92,3.5,82,Pass
59,1.5,45,Fail
42,4.0,84,Pass
88,1.5,39,Fail
66,2.5,87,Pass
72,1.5,63,Pass
99,4.5,84,Pass
74,3.5,60,Pass
63,4.5,68,Pass
59,1.0,90,Fail
62,3.0,54,Fail
43,6.0,40,Pass
87,1.0,31,Fail
89,3.0,66,Pass
53,0.5,68,Fail
55,1.5,68,Fail
92,3.0,28,Pass
37,1.5,27,Fail
69,3.5,88,Pass
65,5.5,74,Pass
80,1.5,33,Fail
46,1.0,30,Fail
78,5.0,36,Pass
59,3.0,81,Pass
75,5.5,76,Pass
38,2.0,70,Fail
65,4.0,70,Pass
69,5.5,85,Pass
49,1.5,48,Fail
44,5.0,48,Pass
47,4.0,55,Pass
57,5.0,94,Pass
41,1.5,64,Fail
97,3.0,63,Pass
61,1.0,82,Fail
88,6.0,37,Pass
98,1.0,53,Pass
40,1.0,70,Fail
77,5.5,94,Pass
92,2.0,36,Pass
76,4.0,57,Pass
63,2.0,88,Pass
63,4.0,76,Pass
37,1.5,68,Fail
70,3.0,43,Fail
100,3.5,38,Pass
97,2.5,51,Pass
38,2.0,43,Fail
81,1.5,82,Pass
55,4.5,75,Pass
94,1.5,83,Pass
38,2.0,37,Fail
96,2.5,47,Pass
89,3.0,79,Pass
43,4.5,36,Fail
39,3.0,35,Fail
89,5.5,52,Pass
45,4.0,38,Pass
70,5.0,31,Pass
95,4.5,47,Pass
72,1.5,86,Pass
61,6.0,29,Pass
64,5.0,65,Pass
39,3.5,64,Fail
98,1.5,62,Pass
55,1.5,60,Pass
47,4.0,26,Pass
54,3.0,28,Fail
98,4.0,61,Pass
41,2.5,93,Pass
91,3.5,54,Pass
81,1.5,58,Pass
89,1.5,94,Pass
98,1.0,80,Pass
90,5.0,79,Pass
96,3.5,60,Pass
43,5.5,88,Pass
87,4.5,66,Pass
70,4.5,71,Pass
70,3.5,80,Pass
93,5.0,53,Pass
98,5.5,92,Pass
81,4.5,94,Pass
66,1.0,66,Pass
65,4.0,41,Pass
60,1.0,79,Fail
59,1.0,48,Fail
60,4.5,65,Pass
41,5.0,31,Pass
40,1.5,82,Fail
86,1.0,92,Pass
64,5.5,32,Fail
95,1.0,76,Pass
75,0.5,85,Pass
37,4.5,33,Fail
45,5.0,42,Pass
48,3.5,52,Fail
98,3.5,84,Pass
49,2.5,60,Fail
69,2.0,35,Fail
96,4.5,43,Pass
99,5.0,58,Pass
50,2.5,28,Fail
38,2.0,69,Fail
45,2.0,27,Fail
39,1.0,80,Fail
48,2.0,76,Pass
72,0.5,86,Pass
94,5.0,36,Pass
70,2.0,67,Pass
76,4.5,80,Pass
48,3.5,61,Pass
87,5.0,34,Pass
75,6.0,32,Pass
91,2.5,67,Pass
97,1.0,60,Pass
58,4.5,90,Pass
41,0.5,83,Fail
50,1.5,76,Fail
63,1.0,94,Fail
96,5.5,74,Pass
60,0.5,31,Fail
85,3.0,30,Pass
70,3.0,82,Pass
47,4.0,50,Pass
56,2.0,90,Pass
77,5.5,33,Pass
79,4.5,39,Pass
63,3.0,79,Pass
50,2.5,84,Pass
82,5.0,86,Pass
46,4.5,32,Pass
96,2.5,52,Pass
47,2.5,70,Fail
42,0.5,89,Fail
67,1.0,42,Fail
69,1.0,67,Fail
68,0.5,35,Fail
63,1.5,77,Pass
100,5.0,34,Pass
67,5.0,95,Pass
66,5.0,31,Pass
62,4.0,73,Pass
39,4.0,79,Pass
74,1.0,43,Pass
50,4.5,43,Pass
76,2.0,67,Pass
38,3.5,69,Pass
99,6.0,75,Pass
65,5.5,66,Pass
93,2.0,37,Fail
66,4.5,90,Pass
39,1.0,37,Fail
88,0.5,65,Pass
77,0.5,89,Pass
86,1.5,89,Pass
63,4.5,37,Fail
76,2.5,42,Fail
91,0.5,67,Pass
76,6.0,49,Pass
58,3.5,76,Pass
78,2.5,62,Pass
79,3.5,44,Pass
97,3.5,54,Pass
59,3.0,73,Pass
63,4.0,80,Pass
88,5.5,51,Pass
68,2.0,32,Pass
83,3.0,50,Pass
65,0.5,69,Pass
49,5.0,78,Pass
83,2.0,87,Pass
44,2.0,92,Pass
48,6.0,62,Pass
76,3.5,87,Pass
84,1.0,43,Pass
93,2.0,64,Pass
53,2.5,63,Fail
42,6.0,79,Pass
97,3.0,79,Pass
45,2.0,45,Fail
48,3.5,87,Pass
54,2.5,87,Pass
69,1.0,91,Pass
92,5.0,57,Pass
84,0.5,94,Pass
81,5.5,80,Pass
46,5.0,71,Pass
58,1.0,55,Fail
66,4.5,84,Pass
45,4.5,78,Pass
53,4.0,66,Pass
55,3.5,95,Pass
43,1.0,42,Fail
71,1.0,70,Fail
81,4.5,47,Pass
40,1.0,57,Fail
66,2.0,49,Pass
86,3.0,48,Pass
84,1.5,51,Fail
88,5.0,29,Pass
64,5.0,28,Pass
88,5.0,76,Pass
51,1.0,47,Fail
58,3.0,26,Fail
46,5.0,31,Fail
65,2.5,39,Fail
60,4.5,28,Fail
51,3.5,91,Pass
84,2.5,65,Pass
55,2.0,53,Fail
53,4.0,62,Pass
44,1.0,33,Fail
64,5.0,74,Pass
55,3.5,93,Pass
59,1.0,34,Fail
50,4.5,36,Fail
85,3.0,69,Pass
95,1.5,36,Pass
67,6.0,34,Pass
77,4.5,72,Pass
91,4.0,68,Pass
100,5.0,40,Pass
75,3.5,83,Pass
93,3.0,32,Pass
94,1.5,48,Pass
86,1.5,77,Pass
65,3.0,68,Fail
40,3.0,67,Pass
36,4.5,73,Pass
66,3.0,70,Pass
67,4.0,86,Pass
61,5.0,65,Pass
72,6.0,53,Pass
71,2.5,79,Pass
89,5.5,43,Pass
42,5.0,78,Pass
50,1.0,45,Fail
87,2.5,59,Pass
90,1.5,77,Pass
100,4.0,69,Pass
92,3.5,31,Pass
93,3.0,56,Pass
55,4.5,82,Pass
61,2.5,95,Pass
52,2.5,58,Fail
74,5.5,31,Pass
96,6.0,51,Pass
57,5.0,59,Pass
71,1.5,30,Fail
54,1.0,85,Fail
46,1.5,63,Fail
48,3.0,54,Fail
39,2.0,53,Fail
97,5.5,27,Pass
61,4.0,61,Pass
89,3.0,58,Pass
79,2.0,49,Fail
47,2.5,71,Fail
46,3.0,54,Fail
88,4.5,65,Pass
52,1.0,87,Pass
94,5.0,50,Pass
44,1.0,53,Fail
79,2.0,86,Pass
88,6.0,50,Pass
50,1.5,56,Fail
53,1.0,81,Fail
98,4.0,66,Pass
52,2.5,90,Pass
63,1.0,58,Fail
63,0.5,59,Fail
51,1.0,28,Fail
85,3.5,39,Pass
85,2.0,63,Pass
60,5.0,38,Fail
89,5.0,57,Pass
49,1.5,45,Fail
35,2.5,26,Fail
72,1.5,58,Fail
100,2.0,70,Pass
38,2.0,49,Fail
49,5.0,79,Pass
69,2.5,35,Fail
88,3.0,31,Pass
41,4.0,90,Pass
61,5.0,90,Pass
84,2.0,53,Fail
59,1.5,54,Fail
47,6.0,85,Pass
48,2.5,62,Fail
62,4.0,33,Fail
66,4.0,33,Fail
91,3.5,34,Pass
77,2.0,80,Pass
80,1.5,67,Fail
99,3.0,46,Pass
62,3.5,36,Fail
61,5.0,34,Pass
95,4.5,77,Pass
51,5.5,87,Pass
82,6.0,62,Pass
84,4.5,79,Pass
41,1.0,45,Fail
65,2.5,66,Pass
48,4.0,56,Pass
47,3.5,31,Fail
65,1.5,59,Pass
54,3.5,84,Pass
87,2.5,29,Fail
94,2.5,58,Fail
87,5.0,86,Pass
52,3.0,80,Pass
53,3.5,60,Pass
52,3.5,37,Fail
44,3.5,84,Pass
96,1.5,36,Pass
61,4.0,44,Pass
50,2.5,34,Fail
90,4.0,57,Pass
61,1.5,69,Pass
37,6.0,83,Pass
46,4.5,57,Pass
77,3.0,93,Pass
86,2.0,67,Pass
49,2.5,67,Fail
95,4.5,37,Pass
90,4.0,38,Pass
90,4.5,65,Pass
50,5.5,75,Pass
38,3.0,39,Fail
91,4.0,59,Pass
55,3.0,50,Fail
75,4.0,56,Pass
84,3.0,41,Pass
43,5.0,35,Fail
86,0.5,47,Fail
96,1.5,86,Pass
82,2.0,81,Pass
64,5.5,32,Fail
92,3.5,31,Pass
69,2.5,60,Fail
83,2.5,44,Pass
88,3.0,83,Pass
84,5.5,59,Pass
54,6.0,85,Pass
43,5.0,33,Pass
50,5.0,93,Pass
68,1.5,79,Fail
68,2.0,76,Pass
73,4.0,91,Pass
61,4.0,58,Pass
86,1.5,35,Fail
94,4.5,60,Pass
51,1.5,82,Fail
83,2.0,85,Pass
79,2.0,59,Pass
69,5.0,76,Pass
47,4.5,42,Fail
87,3.5,41,Pass
97,5.0,66,Pass
82,5.0,55,Pass
95,2.5,36,Pass
99,5.0,78,Pass
58,1.5,62,Fail
76,3.5,61,Pass
66,1.0,38,Fail
99,3.0,42,Pass
41,3.5,73,Fail
62,1.0,85,Fail
92,3.0,37,Pass
53,4.0,82,Pass
86,4.0,80,Pass
60,1.0,82,Pass
99,1.0,66,Pass
92,2.5,50,Pass
55,5.0,79,Pass
85,5.5,59,Pass
57,2.0,41,Fail
74,4.5,53,Pass
78,3.5,57,Pass
89,6.0,60,Pass
37,1.0,88,Fail
49,3.5,54,Fail
81,4.0,45,Pass
72,2.0,92,Pass
67,1.0,42,Fail
39,1.0,26,Fail
58,3.0,84,Pass
91,4.5,92,Pass
37,4.5,73,Fail
61,1.5,54,Fail
96,5.0,63,Pass
38,2.5,83,Fail
84,6.0,87,Pass
52,1.0,32,Fail
91,5.0,86,Pass
83,5.5,68,Pass
93,5.0,27,Pass
49,5.0,33,Fail
70,2.5,28,Pass
86,4.5,91,Pass
51,3.5,55,Pass
50,3.0,75,Pass
37,6.0,25,Pass
97,2.0,81,Pass
81,3.0,59,Pass
76,5.5,90,Pass
83,2.0,61,Fail
70,1.5,80,Pass
66,2.0,69,Pass
64,4.5,61,Pass
77,5.0,91,Pass
48,1.0,60,Fail
93,4.0,87,Pass
88,3.5,28,Pass
58,4.0,71,Pass
73,4.0,89,Pass
44,6.0,88,Pass
98,2.5,59,Pass
94,2.0,58,Pass
95,3.5,82,Pass
57,3.0,48,Pass
46,3.0,91,Pass
49,1.0,43,Fail
41,1.5,30,Fail
43,5.5,79,Pass
40,1.0,53,Fail
99,3.5,50,Pass
40,4.5,47,Fail
44,0.5,94,Fail
89,1.5,65,Pass
73,2.5,94,Pass
85,3.5,49,Pass
76,2.5,54,Fail
92,4.0,40,Pass
77,1.5,55,Fail
69,0.5,29,Fail
81,0.5,25,Fail
64,2.5,57,Pass
57,2.5,77,Fail
65,5.5,56,Pass
46,0.5,61,Fail
87,3.5,56,Pass
52,3.5,62,Fail
45,4.5,79,Pass
51,4.0,81,Pass
90,0.5,84,Pass
56,4.0,40,Pass
80,2.5,57,Fail
91,5.0,83,Pass
40,1.5,91,Fail
85,4.5,63,Pass
55,4.0,60,Pass
49,4.0,79,Pass
80,1.5,94,Pass
94,4.0,55,Pass
54,4.5,37,Pass
72,3.0,83,Pass
54,2.5,75,Fail
71,1.5,35,Fail
75,2.0,48,Pass
75,4.5,64,Pass
76,3.0,76,Pass
44,4.5,80,Pass
80,4.5,36,Pass
79,4.0,40,Pass
79,4.0,77,Pass
40,4.0,33,Fail
64,3.5,60,Pass
62,1.5,63,Fail
41,5.0,49,Fail
49,6.0,81,Pass
64,3.0,29,Fail
83,5.5,79,Pass
50,6.0,70,Pass
89,3.0,61,Pass
70,4.5,86,Pass
84,4.0,39,Pass
66,2.0,81,Fail
67,1.0,38,Fail
75,3.0,94,Pass
95,5.0,27,Pass
67,2.5,64,Pass
69,5.0,37,Pass
74,4.0,54,Pass
83,4.5,35,Pass
40,2.0,39,Fail
69,3.0,29,Fail
66,1.5,26,Fail
95,2.0,75,Pass
67,1.0,57,Pass
65,1.0,28,Fail
98,1.5,91,Pass
64,3.5,72,Pass
47,3.0,43,Fail
49,2.0,56,Fail
41,5.0,59,Pass
35,3.5,65,Fail
63,5.5,85,Pass
85,4.0,66,Pass
83,0.5,94,Pass
37,5.5,76,Pass
72,5.0,94,Pass
45,4.0,64,Fail
96,3.5,72,Pass
46,3.0,77,Pass
76,3.0,78,Pass
56,4.5,27,Fail
77,3.5,34,Pass
62,1.5,41,Fail
84,1.0,44,Fail
50,1.0,88,Fail
94,2.0,76,Pass
68,2.5,35,Fail
84,5.5,55,Pass
90,2.0,42,Pass
100,2.5,83,Pass
50,1.5,89,Pass
54,3.5,37,Pass
51,4.0,54,Pass
52,3.5,92,Pass
73,5.5,71,Pass
100,6.0,86,Pass
99,5.0,50,Pass
69,5.0,40,Pass
77,2.5,73,Pass
91,3.5,35,Pass
96,2.5,84,Pass
48,5.0,78,Pass
69,1.5,46,Pass
89,1.5,60,Pass
55,0.5,81,Pass
64,4.0,90,Pass
99,4.5,50,Pass
99,0.5,80,Pass
94,3.5,39,Pass
87,2.5,88,Pass
52,5.0,73,Pass
56,0.5,36,Fail
71,1.0,77,Pass
71,4.0,76,Pass
68,4.0,77,Pass
76,5.0,49,Pass
62,4.0,77,Pass
84,5.5,83,Pass
57,2.0,49,Fail
56,2.5,40,Pass
43,6.0,87,Pass
47,1.0,68,Fail
90,5.0,57,Pass
64,0.5,87,Fail
50,3.0,35,Fail
84,1.5,82,Pass
71,4.0,59,Pass
36,5.0,28,Fail
56,0.5,93,Pass
47,1.5,79,Fail
78,2.5,40,Fail
53,2.0,90,Pass
39,2.5,90,Pass
39,5.5,81,Pass
73,1.0,34,Fail
36,3.0,38,Fail
90,3.0,78,Pass
45,2.0,89,Fail
74,2.0,40,Fail
64,4.5,57,Pass
64,4.0,36,Pass
40,5.0,58,Fail
87,2.5,70,Pass
93,4.0,26,Fail
36,5.5,70,Pass
47,5.0,70,Pass
94,5.5,57,Pass
71,2.0,88,Pass
45,6.0,34,Fail
48,5.0,29,Pass
78,5.0,60,Pass
82,4.0,62,Pass
74,6.0,44,Pass
97,3.0,92,Pass
67,4.5,43,Pass
55,4.5,44,Pass
66,4.5,82,Pass
58,4.5,90,Pass
50,1.5,63,Fail
38,2.5,26,Fail
58,2.5,50,Pass
81,4.5,41,Pass
36,4.5,61,Fail
64,5.0,73,Pass
77,5.0,52,Pass
75,4.0,63,Pass
85,1.5,78,Pass
88,4.0,42,Pass
81,5.5,39,Pass
42,4.0,81,Pass
66,5.5,28,Pass
74,6.0,36,Pass
51,2.5,26,Fail
38,4.5,64,Pass
50,3.5,67,Fail
65,3.0,62,Pass
62,2.0,54,Pass
46,2.0,62,Fail
89,1.5,39,Pass
95,4.0,83,Pass
48,1.5,94,Pass
95,3.0,63,Pass
36,3.5,51,Fail
95,3.0,80,Pass
97,5.0,39,Pass
36,3.0,47,Fail
85,1.0,91,Pass
98,6.0,38,Pass
94,5.0,33,Pass
98,4.0,63,Pass
71,4.5,66,Pass
40,1.0,67,Fail
90,4.5,37,Pass
75,1.5,75,Pass
75,3.0,42,Pass
62,1.5,91,Pass
72,4.5,41,Pass
45,2.0,26,Fail
83,2.0,65,Fail
40,1.0,39,Fail
82,4.5,69,Pass
90,2.0,41,Pass
66,3.5,55,Fail
68,2.5,38,Fail
55,5.0,55,Pass
98,1.5,35,Pass
83,5.5,49,Pass
59,2.5,39,Fail
46,1.0,82,Fail
49,2.0,76,Fail
65,1.0,37,Fail
96,3.0,31,Pass
83,2.0,27,Fail
49,5.5,41,Pass
91,3.5,59,Pass
60,2.0,53,Fail
90,3.0,93,Pass
51,1.5,80,Fail
75,1.5,30,Fail
95,2.0,36,Fail
52,1.0,27,Fail
80,1.5,35,Pass
99,5.5,62,Pass
45,4.0,30,Fail
41,5.5,29,Pass
79,2.0,33,Fail
57,5.0,72,Pass
40,2.5,26,Fail
66,1.5,93,Pass
84,5.0,52,Pass
54,1.0,49,Fail
57,2.5,58,Pass
90,5.0,61,Pass
69,4.0,54,Pass
90,3.5,59,Pass
64,2.5,49,Fail
97,1.0,48,Pass
77,6.0,27,Pass
43,1.5,72,Fail
93,2.0,68,Pass
67,2.0,72,Fail
44,5.5,91,Pass
45,4.5,58,Fail
80,3.0,87,Pass
38,6.0,56,Pass
54,1.0,58,Fail
44,5.5,69,Pass
64,1.0,40,Fail
62,2.5,40,Pass
69,1.0,61,Fail
53,6.0,30,Fail
37,5.5,42,Fail
75,3.5,81,Pass
59,1.5,57,Fail
77,2.0,27,Fail
42,3.0,29,Fail
36,2.5,89,Fail
51,0.5,92,Fail
65,4.0,70,Pass
61,4.0,38,Pass
88,5.5,51,Pass
60,3.0,46,Fail
69,2.5,80,Pass
74,3.5,63,Pass
36,1.5,80,Fail
68,4.0,50,Pass
57,4.5,86,Pass
62,1.5,55,Fail
42,2.5,54,Pass
86,5.5,59,Pass
96,3.5,66,Pass
36,3.5,88,Fail
74,4.5,57,Pass
85,3.5,90,Pass
54,1.0,53,Fail
86,5.0,48,Pass
76,5.5,46,Pass
95,1.0,26,Fail
99,1.0,84,Pass
38,4.5,31,Fail
64,4.0,48,Pass
71,2.5,43,Fail
45,3.5,77,Pass
57,4.5,90,Pass
99,3.5,82,Pass
36,1.5,47,Fail
64,1.0,57,Fail
90,3.0,42,Pass
56,5.5,90,Pass
66,3.5,33,Fail
99,2.5,92,Pass
66,5.5,82,Pass
44,2.5,75,Fail
38,3.5,79,Pass
96,1.0,49,Pass
52,4.5,46,Pass
68,4.5,52,Pass
41,5.0,38,Pass
63,2.5,77,Fail
95,3.0,58,Pass
68,1.5,87,Pass
98,6.0,86,Pass
52,1.0,36,Fail
68,4.0,40,Fail
91,4.5,54,Pass
64,1.5,33,Fail
53,2.5,73,Pass
91,0.5,77,Pass
60,3.5,75,Pass
69,6.0,58,Pass
98,3.0,84,Pass
47,6.0,67,Pass
55,1.0,95,Fail
37,2.5,82,Pass
60,5.5,76,Pass
48,5.5,34,Fail
79,2.5,83,Pass
47,4.0,46,Fail
79,5.5,54,Pass
52,4.5,57,Fail
58,4.0,48,Pass
58,1.5,33,Fail
82,1.0,39,Fail
65,4.0,81,Pass
58,3.5,71,Pass
90,2.0,91,Pass
72,2.0,82,Pass
49,2.5,53,Fail
94,3.0,80,Pass
57,2.5,65,Pass
38,2.5,45,Fail
67,1.0,93,Pass
43,5.5,90,Pass
51,4.0,33,Fail
84,1.5,84,Pass
43,3.0,30,Fail
87,3.0,90,Pass
96,4.0,69,Pass
74,4.0,37,Fail
81,4.0,82,Pass
81,4.5,61,Pass
100,1.0,29,Fail
57,2.0,81,Pass
46,0.5,80,Pass
69,3.0,59,Pass
70,3.0,76,Pass
47,4.5,28,Pass
75,1.5,47,Fail
36,4.0,72,Fail
95,2.0,41,Pass
52,2.5,57,Fail
38,4.5,90,Pass
42,1.0,83,Fail
51,2.5,64,Fail
53,2.5,65,Fail
37,4.5,87,Pass
53,1.5,85,Fail
48,5.5,31,Fail
60,6.0,58,Pass
60,5.0,38,Pass
57,2.0,31,Fail
56,4.0,45,Pass
41,1.0,68,Fail
37,5.5,81,Pass
48,3.5,89,Pass
84,1.5,55,Pass
99,2.5,55,Pass
95,5.0,36,Pass
68,5.5,39,Pass
70,3.5,32,Fail
55,3.0,93,Pass
85,4.5,34,Pass
85,5.0,78,Pass
90,4.5,47,Pass
93,2.5,63,Pass
63,4.0,86,Pass
85,5.0,91,Pass
87,1.5,42,Fail
55,2.5,89,Pass
95,1.0,43,Pass
41,2.5,81,Pass
100,4.5,26,Pass
85,1.5,62,Pass
41,3.5,76,Fail
78,0.5,84,Pass
37,5.5,84,Pass
85,5.0,46,Pass
87,3.5,85,Pass
74,4.5,48,Pass
91,1.0,41,Fail
41,5.0,25,Fail
53,4.5,42,Pass
62,1.0,33,Fail
38,6.0,72,Pass
64,0.5,35,Fail
52,4.0,66,Pass
61,1.5,34,Fail
63,4.5,74,Pass
92,1.0,45,Fail
53,1.0,47,Fail
93,3.0,70,Pass
63,6.0,91,Pass
56,2.0,94,Pass
68,4.0,50,Pass
62,3.5,91,Pass
52,5.0,68,Pass
68,2.0,88,Pass
45,3.5,27,Fail
58,5.5,27,Pass
72,2.5,30,Fail
62,3.0,81,Pass
89,5.5,35,Pass
52,2.5,37,Fail
98,2.5,66,Pass
86,2.0,92,Pass
98,5.0,65,Pass
89,5.5,76,Pass
44,4.0,38,Fail
69,4.0,89,Pass
46,2.5,29,Fail
88,0.5,45,Pass
73,1.5,57,Pass
52,1.5,41,Fail
95,1.0,71,Pass
42,4.0,73,Pass
72,1.0,40,Fail
82,1.0,26,Fail
39,2.5,30,Fail
74,2.0,25,Fail
88,1.5,88,Pass
39,1.5,69,Fail
68,2.0,35,Fail
52,3.5,31,Fail
78,4.5,82,Pass
43,5.0,82,Pass
96,4.5,90,Pass
93,4.0,36,Pass
47,5.5,62,Pass
56,3.5,34,Fail
73,4.0,81,Pass
82,3.0,54,Pass
64,2.5,74,Pass
45,2.5,27,Fail
42,1.5,79,Fail
100,5.0,41,Pass
65,1.0,84,Pass
92,4.0,38,Pass
66,5.5,80,Pass
95,3.0,34,Pass
41,1.0,71,Fail
42,3.0,80,Pass
95,2.5,52,Pass
97,6.0,42,Pass
55,4.5,49,Fail
58,4.5,46,Fail
64,3.5,69,Pass
62,4.5,28,Fail
47,4.5,28,Fail
93,1.0,45,Pass
51,1.5,44,Fail
81,0.5,37,Pass
39,3.5,75,Pass
38,5.5,27,Fail
77,4.0,90,Pass
57,3.5,78,Pass
78,5.5,53,Pass
41,1.5,85,Pass
97,1.0,68,Pass
84,5.5,65,Pass
92,5.5,47,Pass
44,4.5,71,Pass
56,2.0,35,Fail
59,6.0,62,Pass
70,4.5,33,Fail
54,4.0,56,Pass
39,1.5,68,Fail
59,3.5,36,Fail
52,5.0,41,Pass
60,5.0,82,Pass
48,3.5,43,Fail
52,3.5,32,Fail
76,4.5,48,Pass
60,3.5,90,Pass
57,3.0,74,Pass
70,1.0,65,Fail
85,1.0,84,Pass
60,4.5,71,Pass
73,0.5,82,Pass
98,1.0,71,Pass
69,5.5,85,Pass
94,4.5,69,Pass
87,0.5,44,Fail
39,2.0,28,Fail
63,4.5,32,Pass
80,3.0,61,Pass
99,3.0,93,Pass
65,3.0,78,Pass
41,1.5,79,Fail
72,4.5,71,Pass
43,1.0,88,Fail
84,3.5,76,Pass
68,1.5,43,Fail
82,1.0,60,Fail
92,1.5,53,Pass
76,5.5,37,Pass
75,1.5,41,Fail
84,2.0,45,Fail
90,1.5,37,Pass
91,4.5,40,Pass
37,3.0,89,Fail
71,5.5,49,Pass
49,4.0,83,Pass
91,3.5,30,Pass
77,4.0,94,Pass
62,0.5,79,Pass
47,5.5,88,Pass
57,6.0,62,Pass
81,2.0,69,Pass
48,4.0,50,Fail
41,1.5,55,Fail
93,3.5,78,Pass
85,4.5,28,Pass
48,5.5,28,Fail
54,2.5,86,Pass
98,4.5,33,Pass
81,4.5,75,Pass
75,1.5,39,Fail
55,4.0,51,Pass
54,4.0,46,Fail
38,4.5,59,Fail
82,6.0,83,Pass
38,0.5,86,Fail
35,1.5,41,Fail
82,1.5,49,Pass
97,1.5,84,Pass
84,3.0,31,Pass
66,5.5,33,Pass
67,3.0,59,Fail
63,4.0,80,Pass
56,2.5,49,Pass
69,2.5,30,Fail
63,5.0,93,Pass
74,4.0,91,Pass
93,2.5,71,Pass
100,5.5,73,Pass
40,3.0,90,Pass
60,1.5,70,Fail
47,3.0,80,Pass
58,4.0,57,Pass
54,2.5,41,Fail
46,5.0,83,Pass
85,3.5,73,Pass
67,3.0,45,Pass
95,5.0,69,Pass
37,3.0,82,Fail
39,3.0,44,Fail
61,1.0,79,Pass
40,2.5,30,Fail
52,2.5,69,Fail
99,1.5,95,Pass
49,3.5,86,Pass
48,1.5,86,Fail
72,1.5,73,Pass
67,3.5,57,Pass
73,2.0,72,Pass
59,4.0,47,Fail
89,4.5,64,Pass
44,2.0,63,Fail
63,1.0,63,Fail
80,3.0,54,Pass
91,1.0,50,Fail
59,3.5,48,Fail
72,4.5,41,Pass
39,4.0,56,Fail
46,3.0,33,Fail
39,5.5,88,Pass
82,1.0,30,Fail
54,5.5,84,Pass
82,5.0,42,Pass
39,3.0,85,Fail
91,1.5,75,Pass
89,1.5,89,Pass
41,5.5,86,Pass
37,2.0,74,Fail
39,5.5,36,Fail
90,3.5,63,Pass
50,3.0,49,Fail
71,4.0,87,Pass
63,1.5,86,Pass
87,3.0,47,Fail
67,5.5,72,Pass
68,2.0,49,Fail
99,5.5,72,Pass
45,6.0,68,Pass
89,1.0,61,Pass
38,3.5,86,Pass
66,1.5,42,Fail
93,4.0,81,Pass
78,6.0,73,Pass
80,5.5,45,Pass
52,5.5,55,Pass
62,1.5,30,Fail
59,3.5,67,Pass
69,2.0,87,Pass
65,5.5,33,Pass
56,1.5,34,Fail
55,1.5,58,Fail
51,0.5,45,Fail
59,1.5,44,Fail
45,1.5,70,Fail
92,1.0,54,Pass
74,5.5,84,Pass
44,5.0,55,Pass
80,2.0,68,Pass
90,5.0,53,Pass
50,3.0,43,Fail
45,5.0,58,Pass
36,2.5,75,Fail
38,3.5,92,Pass
85,2.5,28,Pass
99,1.5,62,Pass
38,3.5,70,Fail
84,4.5,31,Pass
40,4.5,83,Pass
73,2.5,44,Fail
84,3.5,86,Pass
58,4.5,64,Pass
36,1.0,36,Fail
74,1.0,77,Pass
99,2.5,36,Pass
52,1.5,75,Fail
47,2.5,82,Pass
43,1.0,65,Fail
71,4.0,44,Pass
74,4.0,56,Pass
86,5.0,62,Pass
84,4.0,72,Pass
93,2.5,69,Pass
87,5.5,53,Pass
51,4.5,78,Pass
71,3.5,79,Pass
54,1.5,74,Pass
56,4.0,44,Fail
96,4.0,58,Pass
79,4.5,55,Pass
98,5.0,82,Pass
62,5.5,82,Pass
70,5.5,86,Pass
67,4.0,41,Pass
42,6.0,77,Pass
50,5.5,86,Pass
69,0.5,37,Fail
39,4.0,28,Fail
96,1.5,32,Pass
43,2.0,67,Fail
48,2.0,55,Fail
85,3.0,39,Pass
41,0.5,62,Fail
94,2.0,80,Pass
82,0.5,85,Pass
39,4.0,78,Pass
80,5.5,87,Pass
76,6.0,67,Pass
84,3.0,84,Pass
89,2.0,54,Pass
82,5.0,85,Pass
73,1.0,88,Pass
56,6.0,73,Pass
80,4.5,55,Pass
97,3.5,45,Pass
73,1.0,48,Pass
78,0.5,34,Fail
63,3.5,28,Fail
84,3.0,54,Pass
100,5.0,28,Pass
45,4.0,87,Pass
48,3.0,70,Pass
70,1.5,84,Pass
66,3.0,56,Pass
72,1.5,41,Fail
38,4.0,45,Fail
61,4.0,85,Pass
73,5.0,34,Pass
73,3.0,74,Pass
78,2.0,41,Pass
82,5.0,50,Pass
77,4.5,25,Fail
86,4.5,59,Pass
76,3.5,34,Pass
70,5.5,85,Pass
74,2.0,32,Fail
42,2.5,43,Fail
53,5.0,26,Fail
69,1.0,95,Fail
92,5.0,70,Pass
79,2.5,70,Pass
41,1.0,61,Fail
73,1.0,86,Fail
49,5.0,35,Pass
83,5.0,80,Pass
89,2.0,81,Pass
74,1.0,28,Fail
73,2.0,34,Fail
57,1.5,63,Pass
64,4.5,31,Fail
91,1.5,45,Pass
82,1.5,53,Fail
69,0.5,36,Fail
59,4.0,74,Fail
38,4.5,60,Pass
44,4.0,70,Fail
48,3.5,58,Fail
59,6.0,54,Pass
96,3.0,59,Pass
68,5.0,88,Pass
50,4.0,53,Fail
42,1.0,70,Fail
57,5.0,83,Pass
88,3.5,68,Pass
60,4.0,41,Pass
85,1.5,34,Fail
87,3.0,66,Pass
42,5.5,76,Pass
75,1.5,79,Pass
97,0.5,74,Pass
61,2.0,25,Fail
38,3.0,79,Fail
95,5.0,67,Pass
92,4.0,94,Pass
69,5.5,79,Pass
71,3.0,55,Pass
49,2.5,72,Fail
88,2.0,68,Pass
67,1.5,49,Fail
37,4.5,62,Fail
79,1.0,39,Fail
97,2.0,31,Fail
89,5.5,76,Pass
53,3.5,52,Pass
38,1.0,78,Fail
96,4.5,59,Pass
96,3.5,82,Pass
70,5.0,77,Pass
77,4.5,78,Pass
65,0.5,55,Fail
62,1.5,92,Pass
43,2.0,53,Fail
41,4.5,81,Pass
50,3.5,59,Pass
89,4.5,41,Pass
44,3.5,69,Fail
50,2.5,58,Fail
71,1.0,43,Fail
49,1.5,52,Fail
46,2.5,36,Fail
72,3.5,94,Pass
59,5.5,70,Pass
76,2.0,37,Fail
94,4.0,79,Pass
45,1.5,67,Fail
94,4.5,76,Pass
94,0.5,66,Pass
89,4.0,29,Pass
76,1.5,39,Fail
75,1.5,79,Pass
77,3.5,78,Pass
80,2.5,78,Pass
36,3.0,26,Fail
97,2.0,81,Pass
73,5.5,56,Pass
86,2.0,74,Pass
60,3.5,44,Fail
36,5.0,79,Pass
68,4.0,94,Pass
68,2.5,43,Fail
63,3.5,80,Pass
57,1.0,67,Pass
51,3.5,44,Fail
69,3.0,46,Fail
59,4.5,76,Pass
98,5.0,45,Pass
46,1.5,28,Fail
56,1.0,86,Fail
54,2.5,66,Fail
70,3.5,78,Pass
67,2.5,67,Pass
77,4.0,61,Pass
97,3.5,79,Pass
54,5.5,27,Fail
80,3.0,47,Pass
37,1.0,69,Fail
52,2.0,91,Pass
65,4.0,53,Pass
37,2.0,93,Fail
75,2.0,78,Pass
79,2.5,59,Pass
84,4.5,55,Pass
69,5.5,34,Pass
74,2.5,68,Pass
61,1.5,29,Fail
38,3.0,55,Pass
41,2.5,42,Fail
78,6.0,92,Pass
100,3.0,50,Pass
36,4.0,59,Fail
71,5.5,51,Pass
84,4.0,35,Pass
89,2.0,50,Pass
70,4.0,80,Pass
75,2.5,68,Fail
80,3.0,56,Pass
91,6.0,82,Pass
43,2.0,25,Fail
95,3.0,83,Pass
37,1.5,29,Fail
89,1.5,86,Pass
40,4.0,91,Pass
48,4.5,82,Pass
35,4.0,26,Fail
64,2.5,62,Pass
57,1.0,83,Fail
46,3.0,63,Fail
64,3.5,50,Pass
61,4.5,58,Pass
85,4.0,31,Pass
93,5.5,60,Pass
77,5.0,27,Pass
43,2.5,70,Pass
54,4.0,52,Pass
94,4.5,38,Pass
41,6.0,26,Fail
61,3.0,90,Pass
96,4.0,64,Pass
97,2.5,70,Pass
62,4.5,80,Pass
78,5.5,69,Pass
65,5.5,54,Pass
84,1.5,69,Pass
37,1.5,43,Fail
44,4.5,64,Pass
75,4.0,39,Pass
50,5.5,89,Pass
78,2.0,61,Pass
58,5.0,41,Pass
93,4.5,70,Pass
88,1.5,31,Fail
67,1.0,55,Fail
85,4.5,86,Pass
53,1.5,79,Pass
67,5.0,74,Pass
48,3.5,58,Pass
91,3.0,56,Pass
88,2.0,26,Fail
94,6.0,67,Pass
92,4.5,65,Pass
97,5.0,25,Pass
50,4.5,35,Pass
96,3.5,26,Pass
72,5.5,43,Pass
62,3.5,25,Fail
71,3.5,54,Pass
57,2.0,58,Fail
54,2.0,56,Fail
51,4.5,39,Fail
40,2.5,62,Fail
67,4.5,82,Pass
93,5.5,45,Pass
76,3.0,47,Pass
69,1.0,63,Fail
63,4.0,41,Pass
65,0.5,49,Fail
49,5.0,57,Pass
88,3.5,52,Pass
48,3.0,82,Pass
82,3.5,84,Pass
84,3.5,53,Pass
72,2.5,56,Fail
91,2.0,92,Pass
54,3.0,60,Fail
92,5.5,95,Pass
82,1.0,78,Pass
87,2.5,43,Pass
78,1.5,41,Pass
90,3.0,36,Pass
100,1.0,81,Pass
62,4.5,46,Pass
88,1.0,72,Fail
83,4.0,63,Pass
64,2.0,83,Fail
95,3.0,78,Pass
61,1.5,29,Fail
72,4.5,49,Pass
42,5.5,61,Fail
50,1.5,81,Pass
90,5.5,75,Pass
61,2.5,63,Pass
61,3.5,82,Pass
51,4.5,55,Pass
67,1.5,29,Fail
87,3.0,86,Pass
93,1.0,62,Fail
40,4.5,82,Pass
72,3.0,52,Pass
65,5.5,66,Pass
75,2.0,48,Fail
64,5.5,54,Pass
61,1.5,35,Fail
66,4.0,77,Pass
73,2.0,45,Fail
68,1.5,46,Fail
66,1.0,50,Pass
88,4.0,55,Pass
83,2.0,65,Pass
57,3.5,73,Fail
87,6.0,72,Pass
90,2.0,55,Pass
45,0.5,59,Fail
73,1.5,35,Fail
54,1.0,62,Fail
83,3.0,86,Pass
51,4.5,57,Pass
79,2.0,91,Pass
52,1.5,36,Fail
68,4.0,77,Pass
97,2.0,75,Pass
60,3.5,73,Pass
92,5.5,71,Pass
99,2.0,27,Fail
92,3.5,77,Pass
46,5.0,60,Pass
88,4.5,62,Pass
37,4.5,29,Fail
61,4.5,38,Fail
92,3.5,89,Pass
80,3.5,47,Pass
70,4.5,53,Pass
60,4.5,38,Pass
88,4.0,69,Pass
81,2.5,77,Pass
65,5.0,89,Pass
93,2.0,64,Pass
50,1.5,44,Fail
46,2.5,30,Fail
77,2.0,44,Pass
98,4.0,68,Pass
51,2.0,93,Fail
51,4.0,31,Fail
44,3.5,52,Pass
91,1.5,72,Pass
50,2.0,65,Fail
68,3.5,71,Pass
99,4.5,57,Pass
36,2.5,44,Fail
71,2.0,59,Pass
68,2.0,52,Pass
87,1.0,75,Pass
58,0.5,37,Fail
62,6.0,60,Pass
46,1.0,92,Fail
83,1.0,62,Fail
86,5.5,42,Pass
44,4.0,91,Pass
61,3.0,42,Fail
93,4.0,78,Pass
35,5.5,33,Fail
54,1.0,85,Pass
71,2.0,38,Fail
57,5.0,53,Pass
53,5.0,93,Pass
65,6.0,66,Pass
47,2.0,43,Fail
69,5.5,25,Pass
81,2.5,25,Fail
72,4.5,44,Pass
41,5.5,62,Pass
90,1.5,59,Fail
46,1.5,90,Fail
85,3.5,78,Pass
58,5.0,90,Pass
86,1.0,61,Pass
48,5.0,56,Fail
47,2.5,65,Pass
67,2.5,51,Fail
37,2.5,40,Fail
50,5.5,84,Pass
82,1.0,73,Pass
89,3.5,48,Pass
40,1.5,56,Fail
92,5.5,41,Pass
87,5.0,64,Pass
92,2.0,50,Pass
80,2.0,86,Pass
79,2.5,62,Pass
69,2.5,54,Pass
77,5.0,77,Pass
95,3.5,88,Pass
42,3.0,82,Pass
56,4.5,60,Fail
40,3.0,50,Fail
96,1.0,71,Pass
64,1.0,82,Pass
79,2.5,94,Pass
90,4.0,57,Pass
99,1.0,72,Pass
46,3.5,46,Fail
87,2.0,31,Fail
93,4.5,43,Pass
38,0.5,26,Fail
84,3.0,61,Pass
58,1.0,51,Fail
77,2.5,72,Fail
68,0.5,68,Pass
52,3.0,37,Pass
44,4.5,72,Pass
43,1.0,38,Fail
42,4.5,25,Fail
76,3.5,93,Pass
58,3.5,27,Fail
49,4.0,49,Fail
80,2.5,70,Pass
80,4.5,51,Pass
70,5.0,52,Pass
96,5.0,76,Pass
60,2.0,67,Fail
89,4.0,61,Pass
40,1.5,87,Fail
83,3.0,33,Fail
99,0.5,58,Pass
90,1.5,42,Pass
73,4.0,28,Pass
76,5.5,94,Pass
58,1.0,76,Fail
79,3.5,40,Pass
85,4.0,53,Pass
100,5.5,41,Pass
67,4.0,73,Pass
39,1.0,50,Fail
74,1.5,89,Pass
43,4.0,40,Pass
51,1.5,49,Fail
56,5.5,90,Pass
83,5.5,87,Pass
47,5.5,46,Pass
46,2.0,59,Fail
38,4.5,87,Pass
92,4.0,72,Pass
80,0.5,70,Pass
38,2.0,71,Fail
37,1.5,89,Fail
71,2.5,61,Pass
53,5.5,38,Pass
74,5.0,58,Pass
63,2.0,76,Pass
95,3.5,59,Pass
54,1.5,47,Fail
79,2.0,72,Pass
39,1.0,57,Fail
97,4.0,92,Pass
99,4.0,50,Pass
83,5.0,75,Pass
65,5.5,64,Pass
49,1.5,30,Fail
88,4.5,58,Pass
83,1.0,27,Fail
49,2.5,80,Pass
64,3.5,76,Pass
65,1.0,29,Fail
89,1.5,60,Pass
79,2.0,92,Pass
77,1.0,45,Fail
77,5.5,88,Pass
53,2.0,36,Fail
59,3.5,25,Fail
38,6.0,62,Pass
86,3.5,42,Fail
63,3.0,87,Pass
63,5.5,72,Pass
51,1.5,73,Fail
49,1.5,72,Pass
73,3.5,73,Pass
50,3.0,77,Fail
39,5.0,72,Pass
85,0.5,83,Pass
59,4.0,64,Pass
60,4.5,50,Pass
63,6.0,58,Pass
88,1.5,56,Pass
56,2.0,48,Fail
84,5.5,54,Pass
96,4.0,52,Pass
78,0.5,33,Fail
63,1.0,83,Fail
84,5.0,78,Pass
65,3.5,49,Fail
62,3.5,91,Pass
69,5.5,91,Pass
56,2.0,85,Fail
42,1.5,27,Fail
62,4.0,51,Pass
43,5.5,57,Pass
62,2.0,75,Pass
71,4.0,69,Pass
95,1.5,72,Pass
37,1.5,79,Fail
75,5.5,91,Pass
65,1.0,64,Fail
36,0.5,88,Fail
51,5.0,82,Pass
43,2.5,49,Fail
49,2.5,82,Pass
53,5.0,33,Fail
61,1.5,36,Fail
69,4.0,94,Pass
35,2.0,55,Fail
46,1.0,57,Pass
41,4.5,92,Pass
71,2.5,50,Pass
56,5.5,42,Pass
71,5.5,30,Pass
49,5.0,62,Fail
37,2.5,39,Fail
96,2.0,30,Pass
42,5.5,82,Pass
43,3.0,48,Fail
45,4.5,66,Pass
99,5.0,32,Pass
75,2.0,60,Fail
75,1.0,69,Pass
99,4.0,56,Pass
41,3.5,49,Fail
98,2.0,47,Pass
48,3.5,33,Fail
75,5.0,33,Pass
62,2.5,60,Pass
60,2.0,35,Fail
96,4.5,41,Pass
45,5.0,37,Pass
100,5.5,81,Pass
60,1.5,56,Fail
77,5.5,64,Pass
98,4.5,66,Pass
39,4.5,53,Pass
95,2.0,46,Pass
72,0.5,52,Fail
81,3.5,62,Pass
45,2.0,50,Fail
70,2.0,35,Fail
79,5.5,89,Pass
65,1.5,76,Pass
45,5.5,30,Pass
51,3.5,88,Pass
91,5.0,37,Pass
37,2.0,32,Fail
81,4.0,37,Pass
100,3.5,90,Pass
35,5.5,40,Pass
45,1.5,80,Fail
79,1.5,70,Pass
39,5.5,61,Pass
73,1.0,51,Fail
79,4.0,32,Pass
73,1.0,75,Fail
59,1.0,53,Fail
80,4.0,62,Pass
74,3.5,29,Pass
48,3.5,79,Fail
72,3.0,73,Pass
92,4.5,62,Pass
78,6.0,60,Pass
66,2.0,49,Fail
56,2.5,49,Fail
41,2.5,30,Fail
51,4.5,73,Pass
36,2.5,28,Fail
99,4.0,25,Pass
49,3.0,27,Fail
88,4.0,39,Pass
46,5.0,65,Pass
53,3.5,73,Fail
62,3.0,54,Pass
56,2.0,54,Fail
87,3.5,65,Pass
97,2.0,67,Pass
92,5.0,84,Pass
45,2.5,82,Fail
85,1.0,83,Pass
45,2.0,84,Fail
94,3.5,87,Pass
69,5.5,64,Pass
57,2.0,67,Pass
45,2.0,76,Fail
36,2.5,39,Fail
51,6.0,50,Pass
94,5.0,89,Pass
87,1.5,62,Pass
98,4.0,29,Pass
42,5.0,53,Pass
73,4.5,36,Pass
52,3.0,50,Fail
70,4.5,63,Pass
56,3.5,60,Pass
53,1.5,59,Fail
72,1.0,26,Fail
47,2.5,56,Fail
65,1.0,27,Fail
77,2.5,53,Fail
43,5.0,70,Pass
95,5.0,34,Pass
68,0.5,89,Pass
88,1.0,69,Pass
78,4.0,40,Pass
81,3.0,53,Pass
82,1.5,32,Fail
92,5.0,27,Pass
75,1.5,89,Pass
53,1.0,72,Fail
41,4.5,80,Pass
74,4.0,69,Pass
39,2.5,88,Pass
51,4.5,88,Pass
39,5.5,29,Fail
71,0.5,38,Fail
45,4.0,53,Fail
75,1.5,49,Pass
86,3.0,62,Pass
88,3.0,44,Pass
55,2.5,81,Pass
71,1.5,26,Fail
72,5.0,80,Pass
66,2.5,53,Fail
78,5.5,25,Pass
49,2.5,84,Pass
99,5.0,56,Pass
41,3.5,76,Fail
89,2.5,86,Pass
74,4.5,27,Fail
51,5.0,43,Fail
83,3.0,33,Fail
40,3.0,32,Fail
85,3.5,91,Pass
73,3.5,81,Pass
42,3.0,51,Fail
40,4.5,73,Pass
84,2.5,89,Pass
54,3.0,40,Fail
93,4.0,26,Pass
85,6.0,83,Pass
80,2.0,76,Pass
53,2.0,36,Fail
81,1.5,59,Pass
97,4.5,36,Pass
41,3.0,67,Fail
56,2.5,70,Fail
50,1.5,44,Fail
61,5.5,80,Pass
83,3.0,58,Pass
66,4.0,74,Pass
72,1.0,70,Fail
55,1.0,57,Fail
44,1.0,45,Fail
52,2.5,39,Fail
91,3.0,77,Pass
74,2.0,70,Pass
60,2.5,45,Pass
86,0.5,93,Pass
39,2.5,82,Fail
52,1.0,34,Fail
50,1.0,36,Fail
99,0.5,63,Pass
81,4.5,32,Pass
75,5.5,93,Pass
35,4.0,70,Pass
47,1.0,30,Fail
76,6.0,56,Pass
60,6.0,41,Pass
95,3.0,59,Pass
85,1.0,42,Fail
64,4.5,83,Pass
84,6.0,75,Pass
98,5.0,88,Pass
65,4.0,39,Pass
77,4.0,52,Pass
95,6.0,81,Pass
51,1.0,51,Fail
93,1.5,52,Pass
41,5.0,94,Pass
77,1.5,79,Pass
86,2.5,85,Pass
75,2.0,53,Pass
67,2.0,66,Fail
75,0.5,57,Pass
45,3.5,57,Pass
49,2.5,34,Fail
53,3.5,84,Pass
74,2.0,52,Pass
64,5.5,66,Pass
51,4.0,85,Pass
92,6.0,79,Pass
59,2.5,39,Fail
64,0.5,68,Fail
62,5.0,60,Pass
47,5.0,43,Pass
83,1.0,28,Fail
64,4.0,69,Pass
36,4.0,80,Pass
98,1.5,91,Pass
88,3.5,50,Pass
82,2.0,53,Fail
91,0.5,36,Fail
94,5.5,94,Pass
57,3.0,84,Pass
75,5.0,92,Pass
75,4.5,60,Pass
52,6.0,40,Pass
49,3.0,65,Pass
42,3.0,51,Fail
78,2.0,49,Pass
86,4.0,31,Pass
84,3.0,30,Fail
56,4.5,52,Pass
48,2.5,90,Pass
64,1.0,76,Fail
71,5.0,78,Pass
95,5.0,41,Pass
92,2.5,76,Pass
95,4.5,53,Pass
90,3.0,29,Pass
98,4.5,53,Pass
65,2.5,34,Fail
38,3.5,85,Pass
40,1.0,84,Fail
60,1.5,45,Fail
52,5.0,68,Pass
46,2.5,50,Fail
97,0.5,36,Fail
48,1.5,70,Fail
97,3.0,78,Pass
84,4.5,79,Pass
77,2.5,35,Pass
79,4.5,61,Pass
57,5.0,27,Pass
77,2.5,31,Pass
47,5.0,31,Fail
96,1.0,29,Pass
55,3.0,48,Pass
52,1.0,50,Fail
81,1.0,74,Pass
78,1.0,48,Fail
64,1.0,35,Fail
76,5.0,91,Pass
45,3.5,86,Pass
79,5.5,34,Pass
53,3.5,50,Pass
53,4.0,37,Fail
46,1.5,92,Pass
57,3.5,50,Fail
57,2.5,32,Fail
65,5.5,76,Pass
47,5.5,75,Pass
48,1.5,42,Fail
70,4.0,48,Pass
43,4.0,54,Pass
80,3.5,44,Fail
96,1.0,45,Pass
63,4.0,81,Pass
94,5.0,78,Pass
41,2.5,73,Fail
38,3.5,73,Pass
82,1.0,62,Pass
84,5.5,50,Pass
90,1.0,75,Pass
39,1.5,33,Fail
85,2.0,35,Fail
59,5.0,34,Fail
55,4.5,76,Pass
46,0.5,66,Fail
100,1.5,57,Pass
39,4.5,58,Fail
89,2.5,83,Pass
77,0.5,34,Fail
83,6.0,52,Pass
81,1.5,78,Pass
91,3.5,71,Pass
47,2.0,55,Fail
35,4.5,41,Fail
74,5.0,91,Pass
58,2.5,54,Pass
43,4.0,86,Pass
47,5.5,79,Pass
57,5.0,85,Pass
40,3.0,26,Fail
39,3.0,58,Fail
95,5.5,43,Pass
55,0.5,44,Fail
99,0.5,44,Pass
98,1.5,52,Pass
44,5.0,54,Fail
81,1.5,69,Pass
74,2.0,46,Pass
80,4.0,44,Pass
41,1.5,50,Fail
47,2.0,73,Pass
40,3.0,25,Fail
74,2.0,77,Pass
99,6.0,49,Pass
79,1.5,65,Pass
81,5.0,78,Pass
99,3.0,61,Pass
79,1.0,70,Pass
38,1.0,89,Fail
91,3.5,27,Pass
59,2.5,49,Fail
35,2.0,90,Fail
68,6.0,84,Pass
96,3.0,68,Pass
52,5.5,41,Pass
67,1.5,48,Fail
46,1.5,85,Fail
39,4.0,74,Pass
40,2.0,45,Fail
82,1.5,34,Fail
91,1.0,80,Pass
44,1.0,65,Fail
54,4.5,92,Pass
48,2.0,53,Fail
37,6.0,49,Pass
71,1.5,45,Pass
80,2.5,59,Pass
77,2.5,48,Pass
60,3.5,30,Fail
71,5.5,47,Pass
41,5.0,40,Fail
45,0.5,82,Fail
96,3.0,41,Pass
84,5.0,57,Pass
95,0.5,72,Fail
95,3.5,35,Pass
77,2.0,62,Pass
95,3.0,84,Pass
62,3.0,66,Pass
35,2.5,59,Fail
39,5.5,84,Pass
42,3.5,91,Pass
41,5.5,82,Pass
58,4.5,54,Pass
81,2.5,68,Pass
86,3.0,62,Pass
73,2.5,46,Fail
45,5.0,55,Pass
84,1.5,83,Pass
58,5.5,46,Pass
36,3.5,87,Fail
53,4.0,94,Pass
56,3.5,46,Pass
53,3.5,34,Fail
88,4.0,92,Pass
84,4.0,37,Pass
80,1.5,79,Pass
44,3.5,28,Fail
88,2.5,41,Pass
79,4.0,43,Pass
48,3.5,46,Fail
77,1.5,89,Fail
66,4.5,37,Pass
64,3.0,37,Fail
42,3.5,73,Pass
69,4.0,92,Pass
41,4.0,52,Pass
46,4.5,79,Pass
44,1.5,27,Fail
97,1.0,83,Pass
54,4.0,76,Pass
58,2.0,88,Fail
56,1.0,70,Fail
93,1.0,91,Pass
72,2.0,52,Pass
95,6.0,76,Pass
54,1.5,76,Fail
42,2.0,44,Fail
71,5.5,89,Pass
57,6.0,80,Pass
87,2.0,86,Pass
92,5.5,50,Pass
66,1.5,84,Pass
98,4.5,47,Pass
71,0.5,93,Pass
53,2.5,27,Fail
67,2.0,68,Fail
37,4.5,33,Fail
87,0.5,75,Pass
42,3.0,50,Fail
55,4.5,86,Pass
72,1.0,86,Pass
38,5.5,51,Pass
40,2.5,82,Pass
80,1.5,73,Pass
40,1.5,55,Fail
66,2.5,49,Fail
57,1.5,40,Fail
50,3.5,29,Fail
47,4.0,61,Pass
85,3.0,63,Pass
97,3.0,56,Pass
44,5.0,92,Pass
97,2.0,26,Fail
74,4.0,85,Pass
77,5.5,81,Pass
81,1.5,78,Pass
81,4.0,62,Pass
88,5.5,38,Pass
66,3.5,85,Pass
70,6.0,77,Pass
56,2.0,83,Pass
42,3.5,42,Fail
78,2.0,64,Pass
37,0.5,54,Fail
53,6.0,70,Pass
41,2.0,78,Pass
47,6.0,37,Pass
77,4.0,37,Pass
76,5.5,28,Pass
62,6.0,36,Pass
41,3.5,42,Fail
63,6.0,30,Pass
58,4.5,50,Pass
82,3.5,72,Pass
73,4.0,81,Pass
67,1.5,49,Fail
67,0.5,31,Fail
98,2.0,78,Pass
84,3.0,52,Pass
67,2.0,43,Fail
66,3.5,58,Pass
37,4.0,93,Pass
96,4.0,51,Pass
56,5.5,92,Pass
52,6.0,43,Fail
100,5.5,32,Pass
82,4.0,36,Pass
38,1.5,79,Fail
39,5.5,63,Pass
37,1.5,66,Fail
74,1.5,93,Pass
40,2.0,60,Fail
96,3.5,33,Pass
96,4.0,75,Pass
70,0.5,40,Fail
75,5.0,66,Pass
54,1.5,85,Fail
39,2.0,58,Fail
83,2.5,47,Fail
42,2.5,65,Fail
41,4.5,34,Fail
55,0.5,47,Fail
36,1.5,60,Fail
63,0.5,43,Fail
81,5.0,28,Pass
87,6.0,66,Pass
74,4.0,53,Pass
90,3.5,52,Pass
61,5.5,95,Pass
90,2.0,33,Fail
68,1.0,36,Fail
49,3.5,86,Pass
96,2.0,34,Pass
53,3.0,89,Pass
37,3.0,72,Fail
51,2.5,62,Fail
59,3.0,44,Fail
58,2.5,50,Fail
69,1.0,83,Pass
92,5.5,29,Pass
54,4.5,79,Pass
69,0.5,83,Fail
57,1.0,74,Fail
88,1.0,29,Fail
45,1.0,77,Fail
42,1.0,76,Fail
68,1.5,26,Fail
79,5.0,87,Pass
87,5.0,34,Pass
73,5.0,92,Pass
85,4.0,30,Pass
61,4.5,42,Pass
37,4.5,73,Pass
43,5.5,35,Fail
38,4.5,38,Fail
56,4.5,26,Fail
67,5.0,83,Pass
58,3.5,28,Fail
71,1.5,69,Fail
66,1.0,66,Fail
79,3.0,61,Pass
78,1.0,51,Pass
56,1.5,46,Fail
58,0.5,92,Pass
73,2.0,80,Pass
74,6.0,90,Pass
55,2.5,76,Fail
56,2.0,83,Fail
80,2.5,92,Pass
77,2.0,57,Fail
44,4.0,88,Pass
64,4.0,28,Pass
93,0.5,33,Fail
37,3.5,59,Fail
91,0.5,57,Fail
46,4.0,56,Fail
68,5.5,63,Pass
63,5.5,63,Pass
36,1.5,86,Fail
95,4.5,49,Pass
65,5.0,47,Pass
97,5.5,74,Pass
54,2.0,70,Fail
91,3.0,83,Pass
95,1.5,47,Pass
71,0.5,25,Fail
48,4.0,91,Pass
80,3.0,28,Fail
71,2.0,73,Pass
96,5.0,48,Pass
64,3.0,55,Fail
52,6.0,84,Pass
44,5.0,54,Fail
80,5.5,35,Pass
98,5.0,78,Pass
37,1.0,26,Fail
83,1.0,44,Fail
95,5.5,63,Pass
40,1.5,56,Fail
42,2.5,68,Pass
80,4.0,52,Pass
77,1.5,52,Fail
39,1.5,49,Fail
89,3.0,87,Pass
69,2.5,26,Pass
94,4.0,91,Pass
92,1.0,50,Pass
88,3.0,51,Pass
69,1.5,76,Pass
51,4.0,52,Fail
68,1.0,68,Fail
42,1.5,88,Fail
78,5.0,84,Pass
44,2.0,61,Fail
68,4.5,75,Pass
39,2.0,52,Fail
54,2.0,79,Fail
50,2.0,37,Fail
75,5.5,28,Pass
86,2.5,63,Pass
39,2.0,40,Fail
90,3.5,76,Pass
91,2.5,32,Pass
57,5.0,26,Pass
78,6.0,72,Pass
61,3.5,60,Pass
45,3.0,92,Pass
69,2.5,42,Pass
41,6.0,34,Fail
92,3.0,27,Fail
95,1.5,56,Pass
88,6.0,32,Pass
72,6.0,79,Pass
71,3.0,30,Pass
99,2.5,89,Pass
51,4.0,63,Fail
40,5.0,74,Fail
72,3.0,34,Fail
56,2.5,31,Fail
56,2.0,50,Fail
35,2.5,61,Fail
74,1.0,65,Fail
52,5.0,48,Pass
47,1.0,44,Fail
38,2.5,94,Fail
59,5.0,44,Pass
92,2.5,35,Pass
57,2.0,50,Fail
79,5.5,46,Pass
84,1.0,55,Pass
56,5.5,69,Pass
88,1.0,67,Pass
80,3.0,74,Pass
71,4.0,36,Fail
35,2.5,28,Fail
37,3.5,80,Pass
99,1.5,40,Pass
86,3.5,47,Pass
96,1.0,57,Pass
94,5.0,75,Pass
36,3.5,36,Fail
86,3.0,88,Pass
64,1.0,48,Fail
86,3.0,94,Pass
35,3.5,45,Fail
54,2.0,76,Pass
84,4.0,51,Pass
87,1.0,84,Pass
75,1.5,57,Pass
55,4.5,86,Pass
55,1.5,78,Fail
98,2.0,66,Pass
64,4.0,42,Pass
64,4.5,43,Fail
71,1.0,94,Fail
62,1.0,90,Pass
71,3.0,35,Fail
63,4.0,39,Pass
89,3.0,32,Fail
94,4.0,39,Pass
96,4.5,45,Pass
72,5.5,84,Pass
64,2.5,32,Fail
81,1.5,87,Pass
89,2.0,93,Pass
72,1.5,45,Fail
80,2.5,57,Pass
84,5.5,62,Pass
79,2.5,39,Fail
83,1.5,76,Pass
49,3.5,66,Pass
67,6.0,33,Pass
73,1.5,88,Pass
35,5.0,46,Fail
91,5.0,36,Pass
75,2.5,94,Pass
43,4.0,32,Fail
88,3.0,29,Pass
82,2.0,42,Fail
84,3.0,47,Pass
60,1.0,55,Fail
91,4.5,73,Pass
62,5.0,51,Pass
72,2.0,64,Fail
35,3.5,25,Fail
77,2.0,52,Pass
82,1.0,91,Pass
72,4.0,79,Pass
67,1.0,77,Pass
88,5.0,46,Pass
79,2.0,59,Pass
53,5.0,84,Pass
97,2.5,87,Pass
81,2.5,75,Pass
99,4.5,57,Pass
98,3.5,30,Pass
95,1.5,33,Pass
84,5.0,25,Pass
75,2.5,50,Pass
46,1.0,27,Fail
70,3.0,55,Pass
85,3.5,67,Pass
69,4.0,67,Pass
91,5.0,64,Pass
42,3.5,41,Fail
60,1.5,61,Fail
68,2.0,94,Pass
63,1.0,56,Fail
42,4.5,86,Pass
45,1.0,52,Fail
89,4.0,69,Pass
66,4.0,59,Pass
38,5.0,73,Pass
36,1.0,88,Fail
66,1.5,56,Fail
46,5.5,78,Pass
81,3.5,87,Pass
87,3.0,80,Pass
50,4.5,27,Pass
73,5.5,25,Pass
45,2.0,87,Fail
55,5.5,76,Pass
93,1.0,92,Pass
70,6.0,45,Pass
93,1.5,80,Pass
50,2.0,81,Fail
56,1.0,85,Fail
66,5.0,73,Pass
66,6.0,35,Fail
100,2.0,73,Pass
42,2.5,67,Fail
90,2.0,48,Pass
91,1.5,40,Fail
71,5.0,87,Pass
57,1.0,35,Fail
69,6.0,55,Pass
54,5.5,69,Pass
87,1.0,93,Pass
67,3.5,72,Pass
95,6.0,46,Pass
75,5.0,29,Pass
68,4.5,47,Pass
81,0.5,45,Fail
68,1.0,82,Pass
94,5.0,51,Pass
47,2.5,32,Fail
98,4.0,86,Pass
88,4.5,26,Pass
91,3.0,25,Pass
66,1.5,58,Fail
89,2.5,30,Pass
55,5.5,37,Fail
85,2.5,94,Pass
44,1.0,84,Fail
55,6.0,78,Pass
64,4.0,72,Pass
56,3.5,28,Pass
60,5.0,84,Pass
88,3.0,58,Pass
52,6.0,32,Fail
83,5.0,46,Pass
40,2.0,60,Fail
85,2.5,26,Pass
86,2.0,43,Pass
61,4.0,49,Pass
82,4.0,57,Pass
94,3.5,25,Pass
87,6.0,65,Pass
60,3.0,39,Fail
66,5.0,67,Pass
86,4.0,42,Pass
54,3.5,53,Fail
87,0.5,69,Pass
56,4.0,71,Pass
87,4.0,27,Pass
41,1.0,62,Fail
38,5.0,82,Pass
100,3.0,39,Pass
92,2.5,62,Pass
92,5.0,56,Pass
97,2.5,84,Pass
63,4.0,56,Pass
54,4.0,91,Pass
43,1.0,71,Fail
68,3.0,64,Pass
49,1.5,45,Fail
96,1.5,67,Pass
35,4.0,34,Fail
44,0.5,54,Fail
51,6.0,45,Fail
48,2.5,72,Fail
50,2.0,78,Fail
78,5.5,90,Pass
56,3.0,41,Fail
75,4.0,87,Pass
93,4.5,84,Pass
74,5.5,85,Pass
80,1.0,77,Fail
59,1.0,44,Fail
45,6.0,86,Pass
56,0.5,67,Fail
98,4.5,77,Pass
75,4.0,39,Pass
53,3.5,36,Fail
64,5.0,44,Pass
89,6.0,61,Pass
78,1.0,54,Fail
71,4.0,87,Pass
93,4.5,26,Pass
79,2.0,31,Fail
77,5.5,48,Pass
47,3.0,37,Fail
42,1.5,53,Fail
98,5.0,75,Pass
74,5.5,95,Pass
62,1.0,39,Fail
73,4.5,44,Pass
39,1.5,79,Fail
88,0.5,44,Fail
49,2.0,74,Pass
87,5.0,66,Pass
70,1.5,85,Pass
53,1.0,27,Fail
37,4.5,94,Pass
88,2.5,92,Pass
46,1.5,27,Fail
38,2.0,60,Fail
84,5.0,53,Pass
58,4.0,43,Pass
60,4.5,93,Pass
51,1.0,37,Fail
91,3.0,43,Pass
54,5.0,26,Fail
49,2.0,66,Fail
55,1.5,85,Fail
48,2.5,69,Pass
56,2.5,71,Pass
40,1.5,30,Fail
45,5.5,75,Pass
62,3.0,54,Fail
92,4.0,58,Pass
39,1.0,66,Fail
49,4.0,93,Pass
94,3.5,77,Pass
93,5.5,73,Pass
79,3.0,55,Pass
51,5.0,27,Fail
62,2.0,63,Fail
49,3.5,71,Pass
43,5.5,74,Pass
60,4.0,68,Pass
72,4.5,46,Pass
58,5.5,40,Pass
75,5.5,31,Pass
54,1.5,74,Fail
57,1.5,93,Fail
86,3.5,62,Pass
92,6.0,72,Pass
56,3.0,73,Pass
72,2.5,36,Pass
53,3.5,38,Fail
38,1.0,40,Fail
83,1.5,90,Pass
46,1.5,26,Fail
63,0.5,63,Fail
67,4.5,51,Fail
47,2.5,71,Fail
41,1.5,40,Fail
58,3.5,92,Pass
97,2.5,48,Pass
75,2.5,90,Pass
60,2.0,66,Fail
38,0.5,54,Fail
74,4.5,76,Pass
41,1.0,64,Fail
70,1.5,35,Fail
84,1.5,74,Pass
63,2.5,66,Pass
54,1.5,65,Pass
38,2.5,77,Fail
37,2.0,71,Fail
63,1.0,51,Fail
92,5.5,47,Pass
51,2.0,43,Fail
72,1.0,65,Fail
79,3.5,46,Pass
39,1.0,33,Fail
45,5.0,80,Pass
57,1.0,40,Fail
79,3.0,37,Pass
64,5.5,84,Pass
83,1.5,74,Pass
91,1.5,79,Pass
84,4.0,50,Pass
99,6.0,68,Pass
84,2.5,90,Pass
90,4.0,45,Pass
89,1.5,30,Pass
82,4.0,37,Pass
87,2.0,88,Pass
96,4.0,45,Pass
66,1.0,59,Pass
76,3.5,62,Pass
68,2.0,92,Pass
90,4.0,46,Pass
63,4.5,61,Fail
88,5.0,92,Pass
87,6.0,39,Pass
98,3.0,67,Pass
51,4.0,29,Fail
81,0.5,43,Fail
84,5.5,30,Pass
96,4.0,48,Pass
94,3.0,39,Pass
72,3.0,81,Pass
73,4.5,57,Pass
46,5.0,53,Pass
98,5.0,73,Pass
52,3.5,91,Pass
82,2.5,46,Pass
87,5.5,30,Pass
64,4.0,33,Fail
49,3.5,85,Pass
47,4.0,84,Pass
91,4.0,58,Pass
68,4.5,35,Pass
41,3.5,62,Fail
82,5.5,72,Pass
51,5.0,48,Pass
92,3.0,31,Pass
55,1.5,48,Fail
48,3.5,73,Fail
41,4.0,93,Pass
68,3.5,38,Pass
64,5.5,89,Pass
84,1.0,57,Fail
65,2.0,71,Pass
57,5.5,85,Pass
52,5.5,64,Pass
53,3.0,29,Fail
95,1.5,44,Pass
46,3.0,81,Pass
99,3.0,64,Pass
56,3.5,48,Fail
41,2.0,66,Fail
51,2.0,44,Fail
39,4.0,42,Pass
86,4.0,83,Pass
68,4.0,53,Pass
57,2.5,44,Fail
78,2.5,54,Fail
76,2.5,89,Pass
96,5.5,38,Pass
97,2.5,38,Pass
79,4.0,50,Pass
88,3.5,29,Pass
87,5.5,30,Pass
67,2.5,26,Pass
81,3.0,35,Fail
40,5.0,70,Pass
84,1.5,39,Pass
98,4.0,51,Pass
41,2.5,74,Pass
89,6.0,27,Pass
96,4.5,40,Pass
50,0.5,95,Pass
69,5.0,67,Pass
95,4.5,71,Pass
97,3.5,61,Pass
43,2.0,93,Pass
58,1.5,35,Fail
80,4.0,30,Pass
49,3.0,82,Fail
56,5.0,25,Fail
37,2.0,64,Fail
45,4.0,25,Fail
72,2.0,49,Fail
77,4.0,71,Pass
77,1.0,63,Pass
86,2.5,64,Pass
62,1.5,36,Fail
53,4.0,46,Fail
36,2.0,75,Fail
48,4.5,27,Fail
55,1.0,67,Fail
47,3.5,61,Pass
36,4.0,49,Fail
45,0.5,48,Fail
78,0.5,81,Pass
76,2.0,52,Pass
96,4.0,31,Pass
87,6.0,92,Pass
72,1.0,34,Fail
44,4.5,81,Pass
72,4.5,26,Pass
39,4.0,51,Fail
63,3.5,61,Pass
60,6.0,27,Pass
63,3.5,76,Pass
53,5.0,43,Pass
80,2.0,63,Pass
90,5.0,80,Pass
85,6.0,66,Pass
76,5.5,57,Pass
70,2.0,49,Pass
37,5.0,28,Fail
82,1.0,89,Pass
70,4.0,66,Pass
53,2.5,69,Fail
56,4.0,56,Pass
96,3.0,51,Pass
76,0.5,28,Fail
66,2.0,37,Fail
75,0.5,55,Fail
62,3.0,42,Fail
66,5.0,28,Pass
54,4.5,63,Pass
64,5.0,57,Pass
80,5.0,54,Pass
38,2.5,80,Pass
87,3.5,67,Pass
53,3.5,25,Fail
79,1.0,78,Fail
77,4.0,59,Pass
77,4.5,61,Pass
75,4.0,87,Pass
97,4.5,33,Pass
68,1.0,67,Pass
83,4.5,45,Pass
81,1.5,28,Fail
50,5.5,56,Pass
53,2.0,45,Fail
63,3.0,25,Pass
53,3.0,60,Pass
59,2.0,47,Fail
60,2.5,55,Pass
74,1.5,26,Fail
49,3.5,53,Fail
87,5.5,58,Pass
63,2.0,58,Fail
81,3.5,75,Pass
40,5.0,94,Pass
66,3.0,27,Fail
37,5.0,53,Fail
79,3.0,85,Pass
57,3.0,69,Fail
97,1.5,94,Pass
56,1.0,75,Fail
72,4.0,76,Pass
52,5.0,30,Fail
75,1.0,44,Fail
65,5.5,66,Pass
59,2.5,62,Fail
48,3.0,78,Fail
42,5.5,95,Pass
43,5.5,39,Fail
100,3.5,55,Pass
62,2.0,86,Pass
35,1.5,84,Fail
97,2.0,82,Pass
36,5.0,68,Pass
62,2.5,95,Pass
82,4.5,50,Pass
94,1.5,33,Fail
81,3.0,34,Pass
65,2.5,55,Fail
98,3.5,81,Pass
38,3.5,57,Fail
99,6.0,68,Pass
90,5.5,50,Pass
95,4.5,75,Pass
52,1.5,36,Fail
44,5.5,61,Pass
78,5.5,38,Pass
69,5.5,58,Pass
69,3.0,55,Pass
95,1.5,67,Pass
75,4.5,61,Pass
55,2.5,93,Pass
61,2.5,88,Pass
44,2.5,46,Fail
48,3.5,33,Fail
44,2.5,30,Fail
88,4.5,39,Pass
81,4.0,41,Pass
69,3.5,87,Pass
59,1.0,90,Fail
78,5.5,41,Pass
88,3.0,78,Pass
92,3.0,84,Pass
71,3.0,51,Fail
88,2.5,86,Pass
68,4.0,94,Pass
66,0.5,93,Pass
91,5.5,77,Pass
60,1.0,51,Fail
61,6.0,41,Pass
55,4.0,95,Pass
69,1.0,44,Fail
70,3.5,56,Pass
78,2.5,43,Pass
63,5.5,60,Pass
49,4.5,33,Fail
91,3.5,82,Pass
57,3.0,60,Pass
95,6.0,54,Pass
48,4.0,50,Fail
71,3.5,66,Pass
70,2.5,80,Pass
89,2.5,88,Pass
44,4.5,84,Pass
94,3.5,56,Pass
70,5.0,83,Pass
73,3.5,62,Pass
68,3.5,70,Pass
37,3.0,72,Pass
67,4.5,53,Pass
52,3.0,59,Pass
57,5.0,73,Pass
77,2.5,47,Pass
67,4.5,77,Pass
41,5.5,50,Pass
40,4.5,66,Pass
47,2.5,84,Pass
47,4.5,27,Fail
75,1.5,42,Fail
47,1.0,64,Fail
92,5.0,32,Pass
49,5.0,39,Fail
41,0.5,77,Fail
92,5.5,27,Pass
54,3.0,68,Fail
63,5.5,27,Fail
97,5.0,33,Pass
96,5.5,52,Pass
81,5.0,93,Pass
39,6.0,63,Pass
74,4.0,47,Pass
99,1.5,54,Pass
97,2.5,65,Pass
42,4.5,68,Pass
61,1.5,44,Fail
56,5.5,39,Pass
43,1.5,60,Fail
80,5.5,70,Pass
53,3.0,82,Pass
57,5.0,66,Pass
41,6.0,73,Pass
67,3.0,59,Pass
45,4.5,65,Pass
63,1.5,69,Fail
44,5.0,42,Fail
97,5.0,90,Pass
44,2.0,49,Fail
69,0.5,67,Fail
48,3.0,64,Fail
40,1.5,85,Fail
48,5.0,33,Fail
39,2.0,87,Fail
44,5.5,35,Fail
67,6.0,35,Pass
77,5.5,85,Pass
41,4.0,43,Fail
64,2.0,68,Fail
73,5.0,57,Pass
50,4.5,90,Pass
59,6.0,80,Pass
40,2.5,48,Fail
49,1.0,82,Fail
65,6.0,41,Pass
99,5.0,68,Pass
100,1.5,78,Pass
99,4.5,74,Pass
63,0.5,71,Fail
40,3.5,83,Fail
56,2.5,64,Pass
50,2.5,90,Pass
36,2.0,35,Fail
41,2.0,50,Fail
64,3.0,80,Pass
57,2.0,47,Fail
47,3.0,56,Fail
82,3.5,79,Pass
58,4.5,63,Pass
90,4.0,38,Pass
51,2.0,37,Fail
70,0.5,46,Fail
47,5.0,46,Fail
67,5.5,35,Pass
45,6.0,83,Pass
46,6.0,45,Pass
75,4.0,81,Pass
52,5.5,93,Pass
46,3.0,48,Fail
95,5.0,93,Pass
38,6.0,38,Pass
72,5.0,70,Pass
71,3.0,94,Pass
51,2.5,82,Fail
64,2.0,41,Fail
41,2.5,43,Fail
82,5.0,43,Pass
49,4.5,91,Pass
48,2.0,42,Fail
55,4.5,61,Pass
94,2.5,49,Pass
87,3.5,50,Pass
97,2.5,54,Pass
77,3.5,49,Fail
78,4.5,67,Pass
66,4.5,55,Pass
94,4.5,56,Pass
68,2.5,60,Pass
58,4.5,50,Fail
77,2.0,78,Pass
70,3.0,60,Pass
43,3.5,61,Fail
61,4.5,40,Pass
55,5.5,27,Fail
90,2.0,82,Pass
60,5.0,85,Pass
88,2.0,42,Pass
64,3.5,50,Pass
84,5.0,50,Pass
44,4.5,73,Pass
95,5.0,38,Pass
66,5.0,94,Pass
52,2.0,29,Fail
51,6.0,93,Pass
52,5.5,30,Pass
59,3.0,47,Fail
82,1.0,43,Pass
97,2.0,43,Fail
78,5.0,95,Pass
71,5.5,57,Pass
64,5.0,33,Fail
89,2.5,94,Pass
90,1.0,42,Fail
54,3.5,30,Fail
97,2.5,27,Fail
61,1.0,57,Fail
87,1.0,89,Pass
98,1.5,26,Pass
81,1.5,76,Pass
46,4.5,43,Fail
73,2.5,40,Fail
43,3.0,74,Pass
86,4.0,77,Pass
53,6.0,64,Pass
80,4.5,39,Pass
94,4.0,25,Pass
47,4.5,77,Pass
61,4.5,67,Pass
77,4.5,55,Pass
62,3.0,40,Pass
46,3.5,78,Pass
37,3.0,30,Fail
61,2.5,70,Fail
77,2.0,73,Fail
72,2.5,41,Pass
45,3.0,59,Fail
64,3.5,61,Pass
59,3.0,66,Fail
53,1.0,88,Fail
82,2.5,63,Pass
55,2.5,30,Fail
70,4.5,49,Pass
95,2.5,69,Pass
70,0.5,48,Fail
75,1.0,79,Pass
40,3.0,38,Fail
47,1.5,35,Fail
42,3.0,41,Fail
85,3.5,86,Pass
89,5.5,73,Pass
47,4.0,61,Pass
49,0.5,46,Fail
56,2.5,89,Pass
73,5.0,87,Pass
75,2.0,53,Fail
80,5.5,78,Pass
94,3.5,89,Pass
54,1.0,47,Fail
78,2.0,48,Fail
71,5.5,63,Pass
55,6.0,54,Pass
94,5.0,78,Pass
41,2.5,63,Fail
81,4.5,40,Pass
82,1.5,50,Pass
94,2.5,72,Pass
69,4.5,29,Pass
56,6.0,49,Pass
89,3.0,26,Pass
85,3.0,82,Pass
68,1.5,33,Fail
85,2.5,30,Fail
52,1.0,80,Fail
73,5.0,31,Pass
91,0.5,73,Pass
56,4.5,52,Pass
66,2.0,83,Pass
97,3.0,38,Pass
87,2.0,31,Pass
93,2.5,41,Pass
60,3.5,90,Pass
100,4.0,83,Pass
45,5.5,45,Pass
69,2.5,39,Fail
66,3.5,36,Fail
87,5.5,40,Pass
94,2.0,39,Pass
83,5.5,87,Pass
76,6.0,26,Pass
63,5.0,87,Pass
68,3.5,28,Fail
68,4.5,83,Pass
36,3.0,55,Fail
68,4.0,30,Pass
91,6.0,81,Pass
81,2.0,43,Pass
87,5.0,86,Pass
60,3.5,78,Pass
69,1.5,94,Pass
37,4.0,83,Pass
60,5.0,42,Pass
66,3.5,54,Pass
52,5.0,74,Fail
37,2.5,47,Fail
80,5.5,63,Pass
63,4.0,42,Pass
62,5.0,71,Pass
51,2.0,49,Fail
70,3.0,29,Pass
63,5.5,93,Pass
66,1.0,84,Pass
73,2.5,46,Pass
35,5.0,34,Fail
94,4.5,76,Pass
40,5.0,40,Fail
64,4.5,67,Pass
48,5.5,80,Pass
69,3.0,44,Pass
53,4.0,45,Pass
91,5.0,29,Pass
61,4.5,47,Fail
77,1.0,67,Pass
51,2.5,36,Fail
36,3.5,92,Pass
61,4.5,76,Pass
70,3.5,39,Pass
65,5.0,62,Pass
98,5.0,52,Pass
81,2.0,52,Fail
100,4.0,64,Pass
54,3.5,33,Fail
86,2.0,40,Fail
71,3.0,35,Fail
75,3.5,37,Pass
99,5.0,71,Pass
78,3.0,95,Pass
93,1.0,71,Pass
82,3.0,94,Pass
43,5.0,65,Pass
80,3.5,45,Fail
66,2.5,86,Pass
95,5.5,30,Pass
87,1.5,32,Fail
42,2.5,91,Fail
44,3.0,71,Pass
40,4.5,90,Pass
67,5.0,34,Pass
40,1.0,79,Fail
82,5.0,41,Pass
71,4.5,49,Pass
89,5.5,88,Pass
53,5.5,54,Pass
69,5.0,72,Pass
43,1.5,87,Fail
92,2.0,86,Pass
46,5.5,26,Fail
42,4.0,36,Fail
48,3.5,89,Pass
87,5.5,64,Pass
42,5.5,59,Pass
75,4.5,30,Pass
84,5.5,27,Pass
84,1.0,92,Pass
47,4.5,58,Fail
39,6.0,80,Pass
64,1.0,40,Fail
48,1.5,42,Fail
80,5.0,64,Pass
58,3.5,86,Fail
64,1.0,45,Fail
42,2.0,48,Fail
72,2.5,64,Fail
47,2.5,28,Fail
79,5.5,52,Pass
40,4.0,64,Fail
98,4.5,25,Pass
79,0.5,70,Pass
47,3.0,29,Fail
36,2.0,75,Fail
57,5.0,81,Pass
45,5.5,84,Pass
49,3.0,72,Fail
92,6.0,64,Pass
74,0.5,47,Fail
46,2.5,55,Fail
71,5.0,31,Pass
52,2.5,74,Fail
98,5.5,27,Pass
37,1.5,54,Fail
83,5.0,60,Pass
85,1.5,71,Pass
39,1.5,49,Fail
46,3.0,56,Fail
60,5.5,66,Pass
91,3.5,90,Pass
70,4.0,72,Pass
78,0.5,43,Fail
86,1.0,84,Pass
89,1.0,29,Fail
66,5.0,44,Pass
68,2.0,33,Fail
82,2.5,56,Pass
52,4.0,70,Pass
91,3.5,62,Pass
36,3.0,82,Pass
48,0.5,65,Fail
87,3.0,41,Pass
57,4.5,63,Pass
45,2.0,76,Fail
47,4.5,60,Fail
69,0.5,56,Fail
90,5.5,62,Pass
40,5.5,63,Pass
37,0.5,47,Fail
65,3.0,85,Pass
97,3.0,40,Pass
53,5.0,27,Pass
97,3.5,77,Pass
93,4.0,84,Pass
53,1.5,70,Pass
88,1.0,58,Fail
80,4.5,93,Pass
68,4.0,51,Pass
62,5.0,53,Pass
88,5.0,66,Pass
87,4.0,55,Pass
84,3.5,64,Pass
100,5.5,93,Pass
66,5.0,42,Fail
87,5.5,35,Pass
91,6.0,55,Pass
49,2.5,60,Pass
38,4.5,75,Pass
61,4.5,92,Pass
91,1.5,73,Pass
54,4.0,94,Pass
81,3.0,42,Pass
35,3.0,40,Fail
58,1.5,46,Fail
75,4.5,80,Pass
43,4.5,38,Fail
93,3.5,39,Pass
45,1.5,54,Fail
94,3.5,47,Pass
49,1.0,70,Fail
100,2.5,87,Pass
74,2.5,35,Pass
40,5.5,63,Pass
39,3.0,31,Fail
40,4.0,41,Pass
73,5.5,47,Pass
88,3.0,66,Pass
61,5.5,64,Pass
64,1.5,70,Fail
73,2.5,82,Pass
70,1.0,38,Fail
80,3.5,77,Pass
66,6.0,72,Pass
81,4.0,31,Pass
100,4.0,49,Pass
58,2.0,27,Fail
36,5.5,31,Pass
43,3.0,45,Fail
71,2.0,42,Fail
57,6.0,88,Pass
96,3.0,88,Pass
76,2.5,65,Pass
69,0.5,76,Fail
87,1.5,95,Pass
52,5.0,54,Pass
88,3.0,62,Pass
35,6.0,71,Pass
75,1.0,89,Pass
96,4.0,81,Pass
86,4.5,30,Pass
90,4.0,75,Pass
61,3.5,43,Fail
89,3.5,43,Pass
71,4.5,63,Pass
75,5.0,74,Pass
39,2.5,36,Fail
48,3.0,47,Fail
71,4.0,75,Pass
39,2.0,36,Fail
83,1.5,84,Pass
90,6.0,57,Pass
95,1.5,66,Pass
42,2.0,31,Fail
96,4.0,92,Pass
39,1.0,89,Fail
66,0.5,38,Fail
90,1.0,71,Pass
40,1.0,81,Fail
36,3.0,34,Fail
37,5.0,65,Pass
68,2.5,85,Pass
88,3.0,60,Pass
43,4.0,90,Pass
43,2.0,28,Fail
72,3.0,89,Pass
50,2.5,93,Pass
82,2.5,36,Pass
97,2.5,55,Pass
85,0.5,68,Fail
92,5.5,88,Pass
69,6.0,36,Pass
89,5.0,48,Pass
47,0.5,81,Fail
39,4.5,54,Pass
78,3.5,67,Pass
38,1.0,64,Fail
93,5.5,93,Pass
80,5.0,35,Pass
97,1.5,91,Pass
55,6.0,64,Pass
67,1.0,88,Pass
83,3.0,33,Fail
51,1.5,70,Fail
70,1.5,84,Pass
78,6.0,80,Pass
99,3.5,26,Pass
83,2.0,57,Fail
43,5.0,33,Fail
66,5.5,36,Pass
73,5.5,74,Pass
45,5.5,92,Pass
63,5.5,69,Pass
53,4.0,32,Fail
43,2.5,42,Fail
68,5.5,52,Pass
46,1.0,34,Fail
73,1.5,84,Pass
46,3.0,39,Fail
82,2.0,34,Fail
48,4.0,76,Pass
93,5.5,34,Pass
37,3.0,54,Fail
69,3.5,61,Pass
56,3.0,31,Fail
50,4.5,64,Fail
66,1.0,59,Fail
90,1.0,72,Pass
94,4.0,40,Pass
55,3.5,50,Fail
45,2.5,71,Pass
82,2.5,27,Fail
73,1.0,33,Fail
48,4.0,45,Fail
84,3.0,32,Pass
69,3.0,28,Pass
77,5.5,94,Pass
58,4.5,57,Pass
64,1.5,62,Fail
47,4.0,43,Fail
84,1.0,26,Fail
45,1.5,78,Fail
86,4.5,76,Pass
87,1.0,93,Pass
84,2.0,26,Fail
36,5.5,35,Fail
53,4.5,75,Fail
65,5.5,48,Pass
74,5.5,29,Pass
95,2.0,46,Pass
59,4.0,31,Fail
92,2.5,84,Pass
46,4.5,86,Pass
59,2.5,70,Pass
38,0.5,52,Fail
83,1.0,79,Pass
45,4.5,69,Fail
52,1.0,80,Fail
85,4.0,61,Pass
70,5.0,92,Pass
36,4.5,45,Pass
35,3.0,67,Fail
68,1.5,82,Fail
55,5.5,88,Pass
47,3.5,91,Pass
75,2.5,53,Fail
50,5.5,74,Pass
73,1.5,45,Fail
60,3.0,70,Fail
47,1.0,38,Fail
44,1.0,55,Fail
50,2.5,89,Pass
37,4.5,82,Pass
55,2.5,60,Fail
94,4.5,35,Pass
89,5.0,53,Pass
59,5.5,35,Pass
72,0.5,30,Fail
72,5.0,88,Pass
89,1.5,59,Pass
50,4.5,31,Fail
54,2.5,75,Fail
55,4.5,30,Pass
38,1.5,53,Fail
55,4.0,41,Fail
92,1.0,37,Fail
94,1.5,62,Pass
42,4.0,75,Pass
65,2.5,59,Pass
60,4.5,82,Pass
67,4.5,89,Pass
71,4.0,82,Pass
36,4.5,92,Pass
90,5.0,90,Pass
98,5.5,83,Pass
77,1.0,45,Fail
78,3.5,37,Fail
69,4.5,76,Pass
57,1.5,84,Fail
45,2.0,83,Fail
73,2.0,70,Fail
38,3.5,83,Pass
89,2.5,75,Pass
62,4.0,72,Pass
62,4.0,28,Pass
56,4.0,57,Pass
98,2.0,27,Pass
46,4.5,31,Fail
45,4.0,63,Fail
46,1.0,28,Fail
78,1.5,89,Pass
99,2.0,57,Pass
50,5.5,74,Pass
94,2.5,35,Pass
53,0.5,84,Fail
77,1.5,58,Pass
38,0.5,64,Fail
67,2.5,70,Pass
78,5.0,63,Pass
70,3.0,64,Pass
50,5.0,77,Pass
89,1.0,81,Pass
98,3.0,46,Pass
65,5.0,90,Pass
76,4.0,50,Pass
86,5.0,44,Pass
51,2.0,47,Fail
91,3.5,50,Pass
53,4.0,47,Fail
85,1.5,84,Pass
42,5.0,64,Pass
54,2.0,93,Pass
70,1.0,31,Fail
69,4.5,68,Pass
90,4.5,32,Pass
100,5.5,57,Pass
42,5.5,52,Pass
53,2.0,73,Pass
58,4.0,77,Pass
66,6.0,42,Pass
67,2.0,39,Fail
91,3.0,54,Pass
85,5.5,42,Pass
36,1.0,72,Fail
65,5.5,61,Pass
75,3.0,83,Pass
65,5.5,94,Pass
43,4.0,51,Fail
61,4.0,89,Pass
62,5.0,79,Pass
47,1.0,35,Fail
84,4.0,84,Pass
56,5.5,59,Pass
73,6.0,75,Pass
69,6.0,74,Pass
92,4.0,87,Pass
43,4.0,78,Fail
42,3.5,83,Pass
55,4.0,47,Pass
63,4.0,93,Pass
54,0.5,71,Fail
85,1.0,79,Pass
51,4.0,85,Pass
41,2.0,34,Fail
62,2.0,49,Fail
85,1.5,84,Pass
90,5.0,90,Pass
83,6.0,78,Pass
71,4.0,59,Pass
82,5.5,43,Pass
79,5.5,62,Pass
50,1.5,53,Fail
71,1.5,87,Pass
85,1.5,65,Pass
56,1.0,52,Fail
78,3.5,60,Pass
66,2.0,90,Fail
68,5.5,68,Pass
41,4.0,41,Fail
78,2.5,60,Pass
91,6.0,58,Pass
44,5.5,47,Fail
59,5.0,77,Pass
38,5.0,44,Fail
37,6.0,59,Pass
99,4.0,56,Pass
67,5.5,58,Pass
58,1.0,65,Fail
53,3.5,73,Pass
99,3.5,35,Pass
51,0.5,45,Fail
82,1.0,79,Pass
53,0.5,89,Fail
40,2.0,28,Fail
79,1.0,30,Fail
35,3.0,90,Pass
79,5.0,35,Pass
51,4.0,94,Pass
83,4.0,83,Pass
85,0.5,33,Fail
82,5.0,32,Pass
37,1.5,93,Pass
81,2.0,43,Fail
99,3.5,63,Pass
51,5.5,42,Pass
53,6.0,67,Pass
88,5.0,84,Pass
45,4.5,71,Pass
78,3.5,28,Pass
84,4.0,67,Pass
37,1.5,71,Fail
71,2.0,39,Fail
72,6.0,78,Pass
55,6.0,69,Pass
92,2.5,26,Pass
46,2.0,92,Pass
59,2.0,56,Fail
90,3.0,41,Pass
47,1.5,31,Fail
88,4.0,51,Pass
40,1.0,47,Fail
67,1.0,46,Fail
40,2.0,81,Fail
79,5.0,70,Pass
86,2.5,34,Pass
90,3.0,75,Pass
99,4.0,76,Pass
79,5.0,61,Pass
85,2.0,95,Pass
68,4.5,45,Pass
94,2.0,29,Fail
77,4.0,27,Fail
92,3.0,47,Pass
50,5.5,60,Pass
67,6.0,30,Pass
82,5.0,65,Pass
48,5.5,88,Pass
49,1.5,81,Fail
99,4.0,72,Pass
63,1.5,71,Fail
47,2.0,76,Fail
57,3.5,60,Pass
61,4.5,53,Pass
76,4.5,46,Pass
95,5.5,32,Pass
99,3.5,64,Pass
77,5.5,58,Pass
80,5.5,33,Pass
56,5.0,44,Pass
91,2.0,80,Pass
49,3.5,43,Fail
42,4.5,55,Pass
98,6.0,36,Pass
91,0.5,37,Fail
55,2.5,78,Fail
79,2.5,30,Fail
65,2.0,45,Pass
56,5.0,94,Pass
54,0.5,58,Fail
44,2.5,67,Fail
71,4.5,70,Pass
64,2.5,39,Fail
68,1.5,51,Fail
49,4.0,53,Fail
96,3.5,41,Pass
77,6.0,41,Pass
93,4.5,68,Pass
42,6.0,33,Pass
75,1.5,34,Fail
90,4.5,65,Pass
57,3.5,56,Pass
48,4.5,68,Pass
52,3.0,27,Fail
53,1.5,74,Pass
64,1.0,84,Pass
56,5.0,62,Pass
53,5.0,84,Pass
77,1.5,53,Fail
38,4.0,31,Fail
57,4.5,51,Pass
80,3.5,56,Pass
46,2.0,86,Fail
49,5.5,48,Fail
48,4.0,47,Fail
35,4.5,87,Fail
66,4.0,43,Pass
38,4.5,70,Pass
53,1.5,48,Fail
100,5.5,92,Pass
95,2.0,38,Pass
49,5.0,76,Pass
55,5.5,64,Pass
65,4.0,94,Pass
90,4.0,95,Pass
87,1.0,81,Pass
43,3.0,32,Fail
43,4.0,58,Pass
62,1.0,85,Pass
92,1.0,70,Pass
92,6.0,87,Pass
42,2.5,81,Pass
72,2.5,47,Fail
45,2.0,39,Fail
80,4.0,48,Pass
95,3.0,74,Pass
65,5.0,59,Pass
40,3.5,28,Fail
73,0.5,77,Pass
62,3.0,28,Fail
88,1.0,54,Pass
57,5.0,57,Pass
92,1.0,60,Pass
53,1.5,35,Fail
45,3.0,77,Pass
55,1.5,84,Pass
37,3.5,74,Fail
53,3.0,92,Fail
78,5.5,43,Pass
44,1.0,36,Fail
42,3.5,30,Fail
44,4.5,76,Pass
40,1.0,36,Fail
92,4.0,91,Pass
96,5.5,67,Pass
38,5.0,81,Fail
84,5.5,55,Pass
83,4.5,76,Pass
100,2.5,56,Pass
58,5.5,63,Pass
54,1.5,79,Fail
64,3.5,42,Pass
91,4.5,87,Pass
82,5.5,75,Pass
66,5.5,77,Pass
51,1.0,42,Fail
82,4.5,31,Pass
91,1.5,30,Fail
61,5.0,70,Pass
78,4.5,36,Pass
61,1.5,95,Pass
66,5.0,92,Pass
69,3.0,27,Pass
85,3.5,76,Pass
99,6.0,43,Pass
64,4.0,49,Fail
57,3.5,42,Fail
59,0.5,83,Pass
44,1.5,88,Fail
54,0.5,28,Fail
41,2.5,44,Fail
63,2.5,56,Pass
46,3.5,62,Fail
58,4.5,31,Fail
87,1.5,83,Pass
51,4.0,90,Pass
75,5.5,53,Pass
94,1.5,85,Pass
72,4.0,72,Pass
48,1.0,66,Fail
57,3.5,82,Pass
73,4.5,58,Pass
68,0.5,63,Fail
45,2.5,44,Fail
64,5.5,75,Pass
70,1.5,36,Fail
52,4.5,42,Fail
75,4.0,59,Pass
40,1.5,52,Fail
57,4.5,42,Pass
87,3.5,38,Pass
52,1.0,85,Pass
74,5.5,66,Pass
62,3.0,51,Fail
56,4.5,84,Pass
95,1.5,83,Pass
57,1.5,33,Fail
50,4.5,65,Fail
94,4.0,46,Pass
83,2.0,63,Pass
79,4.5,75,Pass
38,3.5,26,Fail
44,2.5,61,Fail
76,5.0,45,Pass
49,4.0,62,Fail
50,3.5,33,Fail
86,5.0,82,Pass
54,3.5,63,Pass
40,5.5,40,Pass
37,5.0,79,Pass
64,2.5,28,Fail
75,3.0,66,Fail
91,6.0,60,Pass
42,5.5,28,Fail
48,1.5,42,Fail
69,2.0,30,Pass
59,2.5,76,Pass
66,5.5,74,Pass
95,5.5,31,Pass
70,5.0,33,Pass
62,2.0,87,Pass
99,5.5,39,Pass
39,0.5,46,Fail
96,3.0,73,Pass
68,2.5,29,Fail
68,3.5,91,Pass
95,3.5,27,Pass
68,1.5,84,Pass
63,1.5,50,Fail
53,5.0,36,Pass
78,1.0,51,Pass
72,3.0,93,Pass
49,1.5,62,Fail
81,2.5,29,Fail
77,2.0,91,Pass
61,4.5,35,Pass
35,3.0,29,Fail
64,2.0,28,Fail
35,5.0,83,Pass
40,1.0,36,Fail
63,4.5,38,Pass
40,2.0,91,Fail
53,5.5,68,Pass
78,0.5,45,Fail
55,3.5,66,Pass
100,4.0,42,Pass
95,3.5,60,Pass
73,5.0,48,Pass
98,1.0,69,Pass
91,3.0,78,Pass
56,5.5,49,Fail
84,5.5,35,Pass
44,3.0,50,Fail
79,3.5,78,Pass
67,4.5,80,Pass
36,5.0,80,Pass
53,5.5,93,Pass
97,5.0,83,Pass
56,3.0,93,Pass
47,4.0,69,Pass
47,3.0,41,Fail
66,1.0,68,Fail
90,5.0,39,Pass
84,4.0,31,Pass
63,1.0,46,Fail
49,4.0,50,Fail
38,2.0,75,Fail
65,1.0,50,Fail
88,4.0,25,Fail
82,4.5,89,Pass
62,3.5,66,Pass
74,0.5,40,Fail
63,3.5,43,Fail
73,0.5,34,Fail
69,5.5,88,Pass
79,2.0,41,Fail
68,5.5,91,Pass
96,0.5,44,Fail
63,1.0,81,Pass
36,3.0,26,Fail
50,4.5,59,Fail
68,5.5,51,Pass
70,3.5,48,Fail
71,2.5,94,Pass
81,0.5,75,Pass
53,3.5,43,Pass
78,2.5,78,Pass
81,5.5,34,Pass
62,3.0,90,Pass
61,4.5,55,Pass
47,5.0,38,Fail
62,1.0,44,Fail
86,3.0,36,Pass
94,5.5,90,Pass
74,3.0,46,Pass
54,3.5,35,Pass
79,5.5,82,Pass
83,2.0,40,Fail
57,5.5,32,Pass
89,2.5,72,Pass
40,4.0,26,Fail
36,2.5,83,Fail
43,3.5,64,Fail
45,1.0,42,Fail
92,1.0,58,Pass
63,3.0,43,Fail
53,2.5,62,Pass
63,4.0,65,Pass
61,0.5,79,Pass
55,1.5,58,Fail
44,1.5,80,Fail
78,3.0,30,Pass
44,2.0,89,Pass
85,1.5,38,Pass
48,4.0,84,Pass
83,4.5,60,Pass
87,4.5,32,Pass
43,2.0,50,Fail
41,5.0,89,Pass
97,4.0,83,Pass
65,4.0,76,Pass
76,1.5,52,Fail
37,2.0,66,Fail
53,3.0,41,Fail
68,2.0,70,Fail
93,4.5,43,Pass
53,2.0,83,Pass
85,1.5,74,Pass
78,1.5,52,Fail
42,1.0,71,Fail
54,3.0,48,Fail
50,0.5,36,Fail
64,3.5,41,Fail
76,2.0,44,Pass
63,3.5,41,Fail
51,5.5,72,Pass
80,5.5,77,Pass
73,3.5,57,Pass
69,3.0,94,Pass
71,4.5,87,Pass
49,5.5,31,Fail
79,3.0,57,Pass
60,1.0,89,Fail
59,4.5,40,Fail
45,0.5,51,Fail
74,4.5,91,Pass
74,1.0,79,Pass
57,1.0,83,Fail
91,5.0,87,Pass
90,4.5,37,Pass
42,3.5,74,Fail
80,5.0,81,Pass
61,5.0,41,Pass
100,3.0,28,Pass
50,6.0,37,Pass
53,2.5,77,Fail
64,1.5,74,Fail
52,5.0,87,Pass
80,3.0,47,Pass
66,5.5,69,Pass
49,1.0,27,Fail
68,1.0,90,Pass
93,0.5,64,Pass
87,4.0,77,Pass
67,5.0,45,Pass
54,2.5,31,Fail
47,1.0,29,Fail
92,2.5,82,Pass
81,2.5,36,Fail
72,4.0,83,Pass
92,4.0,44,Pass
43,1.0,63,Fail
79,3.0,43,Pass
49,4.0,29,Fail
43,2.0,63,Fail
65,2.5,51,Fail
60,4.0,55,Fail
96,2.5,67,Pass
56,0.5,47,Fail
88,1.5,64,Pass
84,5.0,71,Pass
78,2.0,31,Fail
95,5.0,50,Pass
62,3.0,31,Fail
60,3.0,25,Fail
45,4.5,29,Fail
53,2.5,66,Fail
92,2.0,31,Fail
66,1.0,86,Pass
57,4.0,78,Pass
49,3.0,26,Fail
67,5.0,65,Pass
82,3.0,26,Fail
54,3.0,33,Fail
84,2.0,94,Pass
76,1.5,57,Pass
86,5.0,27,Pass
51,1.0,85,Fail
76,5.5,89,Pass
45,0.5,63,Fail
59,3.5,74,Pass
82,1.0,80,Pass
76,5.0,76,Pass
47,1.5,60,Fail
91,3.5,83,Pass
38,5.5,62,Pass
74,4.0,43,Pass
99,1.5,25,Pass
70,5.0,50,Pass
87,3.0,31,Pass
74,0.5,29,Fail
86,3.0,58,Pass
78,5.0,91,Pass
80,3.0,32,Fail
50,4.5,44,Pass
83,4.5,83,Pass
50,3.0,53,Pass
99,2.5,78,Pass
50,4.5,63,Pass
50,2.5,67,Fail
91,1.5,36,Fail
51,2.5,50,Fail
58,5.5,69,Pass
81,2.0,27,Fail
45,2.0,38,Fail
45,1.0,52,Fail
67,1.0,72,Fail
51,6.0,61,Pass
50,3.5,75,Pass
36,4.5,76,Fail
59,5.0,27,Pass
56,2.5,88,Pass
37,5.0,83,Pass
75,6.0,44,Pass
76,4.5,59,Pass
40,4.5,47,Pass
56,3.0,88,Fail
92,5.0,52,Pass
73,1.0,53,Fail
62,4.5,89,Pass
65,2.5,67,Pass
49,3.5,35,Fail
88,5.5,69,Pass
94,4.0,81,Pass
94,0.5,49,Pass
50,4.5,62,Pass
55,5.5,69,Pass
45,4.0,61,Pass
55,5.0,95,Pass
57,5.0,60,Pass
76,5.0,70,Pass
47,2.5,81,Fail
95,3.0,35,Pass
42,5.0,28,Fail
35,5.5,93,Pass
91,1.5,76,Pass
81,1.5,53,Pass
58,2.5,26,Fail
74,4.5,37,Pass
50,5.5,26,Pass
46,3.5,53,Fail
66,1.0,64,Fail
58,2.0,36,Fail
75,5.0,70,Pass
49,2.5,92,Fail
78,1.0,94,Pass
85,2.0,83,Pass
46,5.0,56,Pass
38,3.0,63,Fail
64,1.5,60,Fail
85,2.0,36,Fail
77,5.5,85,Pass
81,3.0,72,Pass
61,3.0,70,Pass
50,1.5,40,Fail
70,2.0,36,Fail
48,5.0,86,Pass
82,5.0,38,Pass
48,3.0,30,Fail
54,5.5,69,Pass
68,2.5,74,Pass
67,5.5,33,Pass
74,0.5,39,Fail
63,2.5,80,Pass
95,5.0,90,Pass
90,5.5,58,Pass
92,4.5,80,Pass
76,4.0,47,Fail
76,5.0,74,Pass
75,4.5,64,Pass
63,2.0,84,Pass
56,3.0,79,Pass
73,4.0,45,Pass
37,3.5,35,Fail
35,5.5,82,Pass
90,3.0,27,Fail
38,1.5,73,Fail
69,1.5,58,Pass
75,5.0,30,Pass
48,0.5,73,Fail
93,5.5,59,Pass
47,1.0,85,Fail
92,2.5,40,Pass
85,5.0,25,Pass
51,2.5,34,Fail
45,5.0,44,Fail
56,1.0,71,Fail
61,3.5,50,Pass
51,3.5,33,Fail
100,5.5,94,Pass
50,1.0,33,Fail
89,2.5,50,Pass
45,4.0,86,Fail
99,6.0,71,Pass
50,5.0,47,Pass
62,5.0,93,Pass
71,3.5,60,Pass
43,3.5,26,Fail
88,5.0,25,Pass
53,5.5,91,Pass
71,5.0,45,Pass
71,5.0,82,Pass
74,5.5,28,Pass
39,1.0,35,Fail
46,2.0,85,Fail
45,6.0,95,Pass
55,3.5,29,Fail
44,1.5,37,Fail
95,3.5,76,Pass
68,4.0,62,Pass
76,5.0,53,Pass
58,5.0,39,Pass
53,1.0,91,Pass
68,3.0,37,Fail
54,0.5,44,Fail
57,5.5,48,Pass
64,1.5,35,Fail
68,4.0,63,Pass
99,3.5,49,Pass
50,4.0,68,Pass
67,3.5,51,Fail
45,4.5,33,Pass
58,4.0,86,Pass
82,1.0,61,Fail
46,2.5,48,Pass
73,3.5,26,Pass
62,2.5,67,Fail
38,4.5,80,Pass
96,2.0,71,Pass
62,5.0,80,Pass
86,1.5,36,Fail
62,4.5,93,Pass
96,1.5,40,Fail
54,3.5,44,Fail
62,2.5,61,Pass
84,4.0,25,Pass
57,1.5,56,Pass
59,5.0,39,Pass
100,3.5,77,Pass
71,6.0,78,Pass
80,4.5,68,Pass
77,4.0,55,Pass
89,5.0,47,Pass
91,1.5,83,Pass
72,4.0,60,Pass
54,2.5,60,Fail
36,4.5,33,Fail
75,0.5,40,Fail
89,3.0,50,Pass
64,4.0,74,Pass
46,3.0,84,Pass
54,2.0,95,Pass
68,3.0,55,Pass
89,5.0,57,Pass
46,1.5,79,Fail
75,2.5,47,Fail
84,6.0,63,Pass
96,5.5,72,Pass
43,0.5,42,Fail
95,3.5,45,Pass
74,1.0,50,Pass
85,5.5,65,Pass
38,3.0,44,Fail
68,3.0,40,Fail
75,2.0,35,Fail
55,3.5,82,Pass
63,1.5,87,Pass
71,5.0,88,Pass
71,3.0,83,Pass
38,3.5,35,Fail
64,5.0,32,Pass
49,1.5,60,Fail
95,1.5,61,Pass
98,3.0,76,Pass
54,5.0,41,Fail
46,1.0,90,Fail
49,5.0,47,Pass
66,3.5,65,Pass
92,3.5,85,Pass
68,3.5,62,Pass
39,1.0,78,Fail
38,2.0,77,Fail
50,4.5,80,Pass
90,3.0,82,Pass
75,3.5,52,Pass
72,5.5,50,Pass
56,1.0,81,Fail
95,3.0,66,Pass
57,2.5,68,Fail
89,1.0,54,Fail
93,5.5,39,Pass
66,6.0,57,Pass
93,2.0,93,Pass
53,5.5,45,Pass
78,0.5,44,Fail
41,6.0,34,Fail
66,5.0,59,Pass
49,1.5,45,Fail
39,4.0,73,Pass
35,5.0,34,Fail
56,2.5,42,Fail
73,2.5,29,Fail
65,4.0,28,Pass
55,1.5,82,Pass
99,1.0,88,Pass
96,2.0,78,Pass
43,4.5,86,Pass
62,2.5,31,Fail
77,3.5,88,Pass
83,1.5,58,Fail
59,1.5,79,Fail
84,4.0,68,Pass
43,1.0,49,Fail
57,4.0,44,Pass
82,2.5,33,Pass
76,4.0,54,Pass
89,2.5,60,Pass
38,5.0,94,Pass
46,1.0,28,Fail
38,5.5,66,Pass
47,2.0,62,Fail
35,0.5,27,Fail
68,3.5,48,Fail
69,1.5,55,Fail
78,3.0,60,Pass
60,5.0,41,Pass
35,5.0,27,Fail
79,4.0,46,Pass
39,6.0,84,Pass
91,3.0,82,Pass
36,0.5,38,Fail
69,5.0,70,Pass
93,1.5,90,Pass
72,1.5,37,Fail
75,1.0,34,Fail
79,2.5,27,Pass
43,2.5,37,Fail
79,2.0,82,Pass
92,4.0,82,Pass
98,4.5,63,Pass
64,5.5,48,Pass
57,1.0,81,Fail
84,1.5,39,Fail
70,3.5,35,Pass
52,1.0,31,Fail
46,2.5,85,Fail
46,4.0,75,Pass
65,5.0,69,Pass
46,1.5,76,Fail
36,4.0,35,Fail
38,4.0,52,Fail
95,5.0,82,Pass
40,2.0,89,Pass
40,4.5,61,Fail
64,4.5,34,Pass
51,2.0,93,Pass
98,4.0,53,Pass
94,4.0,47,Pass
61,2.0,33,Fail
64,3.0,26,Fail
59,3.0,67,Fail
37,5.0,68,Pass
54,0.5,41,Fail
43,3.5,36,Fail
42,1.5,62,Fail
71,4.0,55,Pass
41,4.0,46,Fail
42,3.5,40,Fail
66,3.5,85,Pass
64,2.0,94,Pass
44,2.0,50,Fail
35,4.5,74,Pass
48,1.0,86,Fail
50,4.5,27,Pass
87,4.0,89,Pass
95,5.5,60,Pass
61,2.0,64,Fail
61,3.5,63,Fail
81,0.5,42,Fail
76,5.5,80,Pass
47,4.0,76,Pass
42,4.0,32,Fail
63,4.5,64,Pass
72,2.0,92,Pass
44,4.0,86,Pass
54,5.0,69,Pass
55,1.0,39,Fail
52,6.0,49,Pass
65,5.5,36,Pass
77,6.0,83,Pass
68,5.0,80,Pass
48,2.0,89,Pass
42,3.5,29,Fail
88,1.0,93,Pass
66,4.5,93,Pass
39,1.5,72,Fail
52,5.5,87,Pass
87,2.0,56,Pass
84,1.5,47,Fail
92,1.0,36,Pass
74,4.5,27,Pass
62,1.5,28,Fail
63,1.5,73,Pass
48,1.5,49,Fail
77,2.0,29,Fail
73,5.5,33,Pass
45,3.0,72,Fail
93,2.0,91,Pass
59,1.5,54,Fail
38,0.5,79,Fail
56,2.5,93,Pass
92,1.0,75,Pass
95,0.5,76,Pass
67,1.0,68,Fail
97,2.5,93,Pass
92,4.5,46,Pass
89,1.0,80,Pass
91,4.0,54,Pass
60,4.0,36,Fail
84,5.5,77,Pass
73,1.5,83,Pass
82,5.0,85,Pass
47,5.5,90,Pass
83,6.0,77,Pass
97,5.0,62,Pass
55,1.0,91,Fail
99,5.5,40,Pass
60,5.0,30,Fail
48,1.5,55,Fail
42,1.5,66,Fail
86,5.5,73,Pass
71,1.5,82,Pass
55,5.0,27,Pass
75,2.5,81,Pass
57,4.5,67,Pass
64,1.0,92,Fail
91,4.5,49,Pass
78,3.5,68,Pass
85,5.5,79,Pass
73,1.5,61,Pass
99,1.0,36,Pass
51,1.5,28,Fail
52,1.0,33,Fail
41,6.0,60,Pass
71,1.0,70,Fail
75,1.5,65,Fail
82,5.0,75,Pass
57,2.0,28,Fail
36,1.5,35,Fail
76,4.0,78,Pass
100,2.5,80,Pass
54,5.0,74,Pass
47,4.0,77,Pass
53,2.0,92,Pass
63,4.0,91,Pass
51,5.5,70,Pass
58,2.5,47,Fail
76,4.5,26,Pass
57,3.0,69,Pass
61,3.5,55,Pass
38,4.5,35,Fail
95,1.0,40,Pass
61,3.0,91,Pass
56,1.0,30,Fail
41,4.5,80,Pass
76,4.0,88,Pass
91,2.5,73,Pass
38,1.0,29,Fail
44,5.5,84,Pass
45,2.0,71,Fail
74,2.0,44,Pass
95,1.0,69,Fail
63,3.5,35,Fail
57,2.0,75,Pass
85,5.0,88,Pass
83,4.5,62,Pass
51,0.5,92,Fail
45,3.5,56,Fail
58,2.0,85,Pass
85,0.5,79,Pass
80,4.0,31,Fail
78,1.5,89,Pass
89,5.5,89,Pass
53,3.5,50,Fail
57,1.5,81,Fail
38,6.0,41,Pass
91,3.5,27,Pass
73,1.5,40,Fail
54,3.5,59,Pass
40,6.0,29,Fail
82,3.0,36,Pass
84,3.0,92,Pass
78,3.0,60,Pass
48,2.0,83,Pass
94,1.5,39,Pass
84,3.5,31,Pass
78,5.5,80,Pass
77,4.5,49,Pass
94,1.0,57,Pass
95,2.5,94,Pass
74,0.5,47,Fail
62,2.0,58,Pass
59,4.0,69,Pass
88,2.0,31,Fail
77,5.0,75,Pass
40,3.0,57,Fail
44,4.0,37,Fail
94,5.5,55,Pass
92,4.5,57,Pass
97,5.5,70,Pass
63,5.0,91,Pass
86,3.5,79,Pass
89,2.0,52,Pass
56,2.0,93,Pass
44,5.5,80,Pass
100,1.0,27,Fail
37,5.5,33,Fail
74,2.5,40,Pass
77,4.5,31,Pass
79,2.5,59,Pass
52,5.5,49,Pass
82,0.5,93,Pass
49,2.5,58,Fail
89,5.5,40,Pass
49,2.0,93,Pass
80,2.0,61,Pass
86,5.5,30,Pass
47,5.0,31,Fail
50,1.0,72,Fail
86,3.5,60,Pass
41,1.5,69,Pass
47,1.5,84,Fail
65,4.0,73,Pass
95,1.0,85,Pass
72,3.0,77,Pass
60,2.0,72,Fail
99,5.0,34,Pass
65,3.5,59,Pass
63,1.5,55,Fail
62,5.5,63,Pass
55,5.0,52,Pass
56,2.0,68,Fail
80,6.0,52,Pass
38,2.0,64,Fail
79,2.0,53,Pass
48,2.5,88,Fail
60,1.5,51,Fail
45,4.5,76,Pass
71,3.5,68,Pass
82,5.5,52,Pass
58,2.0,82,Fail
46,1.5,90,Fail
50,2.5,78,Pass
88,1.5,91,Pass
52,5.5,56,Pass
85,4.5,89,Pass
57,5.0,86,Pass
47,4.5,78,Pass
82,2.0,83,Pass
65,1.5,76,Pass
37,3.0,61,Fail
97,5.0,64,Pass
45,2.5,54,Fail
58,0.5,72,Pass
60,4.0,48,Fail
67,1.5,77,Pass
86,3.5,60,Pass
35,0.5,50,Fail
96,3.5,35,Pass
77,2.5,43,Pass
97,5.5,70,Pass
88,4.5,51,Pass
95,0.5,27,Pass
74,5.0,48,Pass
58,5.0,51,Pass
64,4.0,41,Pass
78,5.5,45,Pass
63,5.0,74,Pass
83,1.5,77,Pass
41,2.5,92,Fail
89,2.5,33,Fail
48,3.5,47,Fail
96,5.5,30,Pass
45,4.0,68,Pass
43,2.0,26,Fail
88,5.5,39,Pass
88,4.5,66,Pass
83,2.0,50,Pass
97,5.5,63,Pass
53,2.5,70,Pass
89,3.5,84,Pass
58,3.0,53,Fail
70,5.5,45,Pass
64,2.0,63,Pass
35,2.5,30,Fail
72,4.0,28,Pass
84,5.5,57,Pass
46,1.0,40,Fail
96,1.5,26,Fail
69,5.5,73,Pass
47,5.0,82,Fail
77,2.5,35,Pass
47,2.5,64,Fail
39,3.0,94,Pass
80,4.0,44,Pass
42,3.5,76,Pass
42,5.0,36,Fail
83,1.0,90,Pass
39,5.0,25,Fail
88,1.0,46,Fail
87,5.5,93,Pass
44,0.5,72,Fail
69,1.0,40,Fail
41,1.5,80,Fail
76,1.5,88,Fail
39,2.5,59,Fail
96,4.0,36,Pass
49,5.5,43,Pass
79,3.5,91,Pass
43,3.5,36,Fail
49,2.5,47,Fail
64,5.0,35,Pass
72,1.0,32,Fail
100,2.0,62,Pass
37,1.0,53,Fail
35,1.5,28,Fail
58,3.5,35,Fail
59,1.0,28,Fail
92,1.0,27,Fail
94,5.0,37,Pass
92,1.0,77,Pass
44,4.0,26,Fail
62,2.5,46,Fail
83,5.5,65,Pass
55,4.5,77,Pass
78,1.0,72,Pass
50,5.5,94,Pass
56,3.0,44,Pass
91,2.0,25,Pass
51,4.0,28,Fail
98,4.5,32,Pass
55,2.0,93,Pass
37,2.5,65,Fail
52,1.5,81,Fail
46,4.0,94,Pass
68,6.0,84,Pass
42,3.0,54,Fail
76,6.0,86,Pass
92,1.5,55,Pass
59,5.0,33,Pass
46,5.5,63,Fail
61,4.5,89,Pass
86,1.0,80,Pass
73,2.5,53,Pass
42,1.0,85,Pass
70,4.0,57,Pass
65,6.0,73,Pass
56,2.5,48,Fail
42,1.5,39,Fail
99,2.0,47,Pass
46,3.5,86,Pass
48,3.5,94,Pass
44,2.0,43,Fail
72,4.5,37,Pass
64,1.0,30,Fail
51,4.0,78,Pass
63,3.0,62,Fail
79,1.0,64,Fail
53,4.0,28,Fail
94,4.0,31,Pass
55,3.0,89,Pass
48,5.0,65,Pass
97,3.5,40,Pass
88,2.0,40,Pass
57,5.5,42,Pass
90,5.5,29,Pass
69,1.0,28,Fail
58,5.5,75,Pass
90,5.0,43,Pass
84,1.0,52,Fail
54,3.5,63,Pass
74,0.5,47,Fail
59,3.5,59,Fail
35,5.5,86,Pass
98,2.5,42,Pass
71,3.5,80,Pass
74,2.0,43,Fail
74,3.5,38,Pass
71,5.0,30,Pass
54,1.5,73,Fail
98,3.5,54,Pass
75,2.5,79,Pass
79,4.5,34,Pass
65,4.5,67,Pass
54,4.5,26,Fail
39,2.5,41,Fail
58,4.0,68,Pass
46,4.0,29,Fail
78,4.0,51,Pass
92,3.5,64,Pass
55,5.5,76,Pass
57,2.0,74,Fail
79,1.0,35,Fail
45,6.0,30,Pass
95,1.0,51,Pass
59,5.5,42,Pass
42,4.0,46,Fail
46,5.5,49,Pass
96,3.5,53,Pass
51,5.0,61,Pass
78,4.5,26,Pass
45,3.5,46,Fail
48,2.5,44,Fail
92,0.5,42,Pass
45,2.0,80,Fail
36,5.5,43,Pass
68,2.0,36,Fail
91,4.5,85,Pass
56,3.5,52,Pass
43,2.0,38,Fail
99,6.0,78,Pass
79,1.0,71,Pass
90,3.5,91,Pass
84,3.0,86,Pass
80,1.0,74,Pass
60,1.5,36,Fail
56,4.5,59,Pass
82,1.0,33,Fail
82,5.0,63,Pass
97,4.0,89,Pass
72,1.0,25,Fail
54,2.0,86,Fail
67,1.5,63,Fail
75,5.0,36,Pass
63,3.5,85,Pass
86,0.5,63,Pass
73,3.5,56,Pass
36,3.0,60,Fail
72,4.0,35,Fail
76,0.5,33,Fail
94,0.5,71,Pass
62,2.5,87,Fail
72,4.5,74,Pass
66,4.0,84,Pass
70,2.0,84,Pass
39,1.5,27,Fail
93,4.5,79,Pass
94,0.5,79,Pass
71,3.5,49,Pass
71,3.0,54,Fail
39,2.0,77,Fail
74,3.5,94,Pass
63,1.5,94,Pass
81,3.5,58,Pass
38,1.5,80,Fail
81,2.5,58,Pass
54,3.5,86,Pass
77,0.5,70,Pass
76,4.0,91,Pass
50,4.5,95,Pass
64,6.0,48,Pass
89,1.5,94,Pass
74,1.5,73,Pass
39,2.0,42,Fail
64,5.5,25,Fail
55,2.5,73,Fail
77,2.0,41,Fail
75,4.5,41,Pass
36,0.5,64,Fail
75,3.5,27,Pass
83,3.0,54,Pass
85,4.0,81,Pass
39,4.5,27,Fail
55,2.5,69,Pass
62,4.0,36,Pass
47,3.5,85,Pass
62,1.0,52,Fail
40,5.5,82,Pass
42,4.5,76,Pass
78,5.5,86,Pass
52,4.5,61,Pass
81,2.0,59,Fail
38,3.0,28,Fail
72,2.5,62,Pass
60,0.5,62,Fail
87,3.0,67,Pass
86,2.5,34,Pass
59,0.5,63,Fail
75,5.0,57,Pass
50,1.5,67,Fail
73,3.5,71,Pass
40,5.0,50,Fail
63,4.0,60,Pass
47,1.5,53,Fail
92,4.0,79,Pass
64,4.5,81,Pass
73,5.0,46,Pass
58,2.5,43,Fail
54,0.5,72,Fail
48,4.0,79,Pass
94,1.5,26,Fail
87,5.0,55,Pass
44,4.0,47,Pass
84,5.0,79,Pass
62,6.0,35,Pass
36,3.5,79,Fail
69,5.5,71,Pass
43,4.0,84,Pass
49,1.5,94,Pass
80,5.0,58,Pass
52,4.5,74,Pass
93,6.0,75,Pass
78,2.0,84,Pass
89,2.5,61,Pass
75,5.0,33,Pass
91,1.0,94,Pass
59,4.0,29,Fail
71,3.5,92,Pass
69,1.5,43,Fail
94,1.5,59,Pass
46,5.0,92,Pass
73,0.5,72,Fail
84,4.5,66,Pass
59,4.5,48,Fail
91,4.0,45,Pass
59,3.0,27,Pass
46,0.5,66,Fail
73,5.0,55,Pass
62,1.0,41,Fail
36,2.0,52,Fail
40,5.5,91,Pass
48,2.0,84,Pass
85,2.0,55,Pass
93,6.0,94,Pass
70,1.0,57,Fail
42,1.5,49,Fail
70,3.0,52,Fail
91,5.0,86,Pass
84,5.5,44,Pass
54,4.5,41,Pass
43,6.0,92,Pass
94,0.5,76,Pass
91,4.0,78,Pass
38,1.0,77,Fail
89,5.5,73,Pass
41,5.5,31,Pass
39,2.0,78,Fail
84,5.0,42,Pass
70,4.0,34,Fail
62,1.0,94,Fail
94,4.0,27,Pass
90,6.0,27,Pass
39,2.0,47,Fail
75,0.5,84,Pass
85,6.0,93,Pass
71,3.0,33,Pass
99,3.0,53,Pass
80,4.5,76,Pass
42,4.0,70,Fail
48,2.0,41,Fail
89,1.0,48,Pass
100,5.0,67,Pass
41,3.0,27,Fail
42,4.0,78,Pass
85,5.0,44,Pass
39,0.5,83,Fail
39,5.0,73,Fail
93,4.5,70,Pass
87,5.5,79,Pass
92,2.0,30,Pass
77,2.5,43,Fail
56,4.0,62,Pass
94,5.5,79,Pass
54,6.0,84,Pass
53,3.0,52,Pass
93,3.5,81,Pass
79,1.5,40,Fail
93,4.5,31,Pass
45,5.0,42,Pass
97,5.0,88,Pass
75,2.5,63,Pass
78,6.0,59,Pass
94,1.0,77,Pass
60,3.0,26,Fail
82,3.5,33,Pass
77,3.5,32,Fail
86,4.5,34,Pass
93,4.0,57,Pass
79,1.0,45,Fail
39,1.5,80,Fail
47,3.5,84,Pass
97,4.5,90,Pass
98,3.5,39,Pass
98,2.5,60,Pass
37,1.0,28,Fail
60,5.0,42,Pass
84,3.0,68,Pass
84,3.5,55,Pass
41,3.0,73,Fail
75,2.0,84,Pass
44,2.0,29,Fail
67,1.0,91,Fail
51,4.5,28,Fail
38,2.0,94,Fail
40,2.0,70,Fail
94,6.0,28,Pass
83,2.5,53,Pass
96,3.5,43,Pass
66,2.5,81,Fail
62,2.0,41,Fail
58,0.5,83,Pass
75,5.0,47,Pass
58,3.0,94,Pass
84,4.5,44,Pass
87,6.0,73,Pass
92,0.5,81,Pass
51,4.0,40,Pass
69,1.0,30,Fail
50,3.0,64,Fail
37,5.0,72,Pass
81,1.0,82,Fail
71,6.0,44,Pass
82,3.5,86,Pass
41,2.5,89,Fail
100,0.5,80,Pass
100,3.5,26,Pass
65,3.0,31,Fail
91,1.5,95,Pass
51,3.0,76,Pass
83,0.5,69,Pass
92,6.0,88,Pass
88,2.5,28,Fail
88,3.0,78,Pass
65,5.0,71,Pass
88,4.5,84,Pass
80,5.5,79,Pass
44,5.5,59,Pass
42,1.5,30,Fail
85,2.5,89,Pass
76,4.5,78,Pass
69,0.5,50,Fail
94,4.5,94,Pass
78,0.5,47,Pass
61,5.5,51,Pass
62,4.5,93,Pass
74,3.5,72,Pass
84,3.0,87,Pass
72,6.0,87,Pass
68,4.5,63,Pass
82,5.0,44,Pass
81,5.0,84,Pass
89,0.5,60,Pass
39,1.0,65,Fail
84,1.5,63,Pass
68,4.0,26,Fail
40,4.0,28,Fail
79,2.5,68,Pass
82,6.0,81,Pass
69,1.0,57,Fail
87,5.0,38,Pass
55,3.0,53,Fail
48,3.0,79,Pass
58,0.5,33,Fail
62,4.5,64,Pass
80,4.5,74,Pass
90,2.5,54,Pass
82,3.5,67,Pass
46,4.0,87,Pass
59,2.5,40,Fail
45,4.0,34,Fail
80,3.0,29,Fail
51,5.5,76,Pass
69,4.5,88,Pass
86,1.0,73,Pass
79,5.0,93,Pass
54,2.5,75,Fail
57,5.5,45,Pass
77,4.0,43,Pass
71,0.5,72,Pass
41,4.5,72,Pass
92,1.0,62,Pass
68,5.5,62,Pass
66,5.5,54,Pass
48,4.5,49,Fail
60,3.5,69,Pass
57,4.0,77,Pass
53,3.0,82,Pass
72,1.0,47,Fail
65,5.5,85,Pass
93,2.5,46,Pass
96,2.0,46,Pass
49,1.5,81,Fail
42,6.0,93,Pass
86,5.5,90,Pass
100,2.5,33,Pass
91,2.0,45,Pass
37,5.0,78,Pass
51,3.0,81,Pass
38,6.0,60,Fail
88,5.5,26,Pass
73,4.5,60,Pass
68,1.0,27,Fail
71,4.5,45,Pass
51,6.0,71,Pass
74,2.5,34,Pass
37,5.5,75,Pass
77,2.5,68,Pass
83,6.0,55,Pass
79,4.0,51,Pass
57,1.0,89,Pass
89,3.0,64,Pass
82,1.0,87,Pass
43,2.5,54,Fail
48,5.5,67,Pass
76,2.0,92,Pass
54,5.5,34,Pass
43,1.0,43,Fail
45,4.0,89,Pass
46,6.0,55,Pass
66,4.0,44,Fail
74,5.5,95,Pass
46,6.0,32,Pass
81,4.0,68,Pass
53,5.0,80,Pass
55,0.5,80,Fail
50,3.0,56,Fail
86,2.0,28,Fail
97,5.0,84,Pass
67,4.0,81,Pass
38,4.0,42,Fail
52,5.5,49,Pass
45,1.0,61,Fail
90,5.5,33,Pass
41,1.0,82,Fail
98,2.5,90,Pass
73,4.0,47,Pass
69,2.5,90,Pass
90,4.5,81,Pass
37,5.0,76,Fail
86,5.0,93,Pass
43,1.5,48,Fail
90,1.5,89,Pass
69,1.0,32,Fail
39,3.0,58,Fail
89,1.5,64,Pass
37,2.5,34,Fail
44,5.0,77,Pass
87,5.5,58,Pass
65,5.0,57,Pass
92,0.5,66,Pass
76,3.5,34,Fail
76,1.5,39,Fail
54,2.5,38,Fail
44,3.0,92,Pass
97,5.5,79,Pass
42,4.0,62,Pass
69,2.0,71,Pass
53,4.0,70,Pass
52,5.5,43,Pass
74,1.0,31,Fail
87,5.0,64,Pass
86,1.5,43,Fail
91,1.5,86,Pass
54,5.5,42,Pass
65,0.5,65,Fail
36,4.5,54,Fail
84,1.0,77,Pass
55,4.0,92,Pass
71,4.0,54,Pass
46,5.0,28,Fail
88,5.0,71,Pass
88,4.5,34,Pass
92,2.5,32,Fail
38,1.5,71,Fail
100,4.0,32,Pass
51,3.0,34,Fail
55,1.0,56,Fail
51,6.0,57,Pass
52,2.0,89,Pass
71,0.5,44,Fail
51,5.5,53,Pass
61,3.5,75,Pass
78,4.5,83,Pass
89,1.5,49,Pass
80,2.5,69,Pass
74,4.0,69,Pass
45,2.0,46,Fail
88,4.5,33,Pass
37,2.0,73,Fail
52,1.5,44,Fail
39,0.5,47,Fail
78,2.0,65,Pass
59,2.0,36,Fail
77,4.5,42,Pass
58,3.5,56,Pass
65,1.5,86,Pass
65,3.5,79,Pass
38,1.5,47,Fail
63,3.0,46,Fail
77,5.5,94,Pass
70,4.5,71,Pass
40,4.0,73,Pass
78,2.0,29,Fail
55,1.0,32,Fail
36,4.5,46,Fail
45,3.5,84,Fail
67,4.0,89,Pass
55,6.0,38,Pass
80,2.5,75,Pass
51,5.0,86,Pass
85,3.5,87,Pass
54,2.0,57,Fail
75,1.0,43,Fail
87,4.0,92,Pass
60,2.0,44,Fail
38,4.5,43,Fail
70,4.5,39,Pass
100,3.0,62,Pass
98,3.5,33,Pass
49,4.0,65,Fail
84,3.0,91,Pass
57,5.5,60,Pass
45,1.0,93,Fail
78,6.0,88,Pass
68,0.5,80,Fail
70,1.5,68,Fail
89,4.5,87,Pass
57,1.0,64,Fail
78,2.0,40,Fail
59,1.5,90,Pass
38,4.5,60,Fail
60,3.5,89,Pass
97,1.0,53,Fail
66,3.0,49,Pass
42,1.5,79,Pass
80,6.0,69,Pass
98,1.0,56,Pass
94,4.0,87,Pass
72,3.0,61,Pass
59,3.5,26,Fail
73,6.0,74,Pass
88,2.5,29,Pass
91,4.5,59,Pass
88,3.0,38,Pass
65,4.0,42,Fail
43,2.5,94,Pass
72,1.5,33,Fail
45,1.0,78,Fail
39,1.0,70,Fail
67,6.0,39,Pass
78,5.0,90,Pass
91,2.0,39,Fail
86,3.5,61,Pass
91,4.5,80,Pass
84,2.5,78,Pass
81,3.0,47,Pass
36,4.5,84,Pass
76,2.0,92,Pass
43,3.5,58,Fail
39,1.5,71,Fail
45,0.5,51,Fail
89,4.5,50,Pass
83,4.5,58,Pass
97,6.0,39,Pass
99,1.5,73,Pass
93,4.5,37,Pass
44,5.5,25,Fail
92,4.0,56,Pass
90,6.0,30,Pass
92,6.0,64,Pass
45,5.0,61,Pass
43,6.0,35,Fail
95,4.0,42,Pass
46,3.0,27,Fail
59,5.5,67,Pass
65,5.0,46,Pass
43,1.0,75,Fail
36,2.0,69,Fail
100,2.0,51,Pass
92,5.0,27,Pass
94,2.0,47,Pass
53,2.0,48,Fail
49,3.5,48,Fail
63,1.0,92,Fail
64,6.0,37,Pass
35,3.0,44,Fail
86,1.5,83,Pass
100,2.0,90,Pass
69,5.0,58,Pass
60,4.0,63,Pass
61,3.0,29,Fail
41,2.5,82,Fail
52,5.5,67,Pass
68,4.5,59,Pass
63,4.5,46,Fail
70,3.0,56,Pass
90,6.0,76,Pass
50,4.5,31,Pass
37,3.0,60,Fail
37,6.0,27,Fail
44,5.5,79,Pass
72,4.5,40,Pass
88,4.5,88,Pass
93,3.0,58,Pass
76,3.5,57,Pass
61,1.5,50,Pass
45,4.0,61,Pass
61,2.5,49,Pass
57,2.5,50,Fail
92,5.5,39,Pass
67,1.5,49,Fail
50,5.0,82,Pass
54,2.0,42,Fail
44,0.5,82,Fail
95,0.5,85,Pass
38,3.0,72,Fail
36,3.0,27,Fail
47,2.5,64,Fail
88,4.0,83,Pass
69,3.0,51,Pass
76,1.0,45,Pass
58,2.5,47,Fail
39,1.0,55,Fail
91,1.0,30,Fail
47,1.5,42,Fail
37,4.5,70,Fail
72,4.5,58,Pass
40,5.0,42,Fail
41,4.5,90,Pass
87,3.5,46,Fail
67,2.0,34,Fail
51,0.5,39,Fail
58,4.0,46,Pass
82,2.0,62,Pass
39,2.0,30,Fail
43,6.0,85,Pass
75,1.5,86,Pass
74,0.5,47,Fail
98,5.5,79,Pass
59,2.0,67,Pass
39,2.5,84,Fail
70,1.0,44,Fail
76,2.5,68,Pass
44,6.0,30,Pass
71,4.5,26,Fail
48,3.0,86,Pass
90,2.0,46,Pass
89,2.5,56,Pass
63,4.0,41,Pass
98,2.0,86,Pass
99,1.5,52,Pass
43,4.5,38,Fail
59,5.5,68,Pass
74,5.5,39,Pass
41,5.0,43,Fail
60,3.5,72,Pass
52,5.0,92,Pass
97,5.5,78,Pass
62,0.5,34,Fail
85,3.0,47,Pass
60,1.5,81,Fail
44,6.0,44,Pass
91,5.5,77,Pass
35,5.0,58,Pass
39,2.0,87,Fail
59,5.5,50,Pass
80,0.5,90,Pass
57,1.5,54,Fail
39,4.0,76,Pass
56,5.0,39,Pass
51,5.5,62,Pass
35,2.0,47,Fail
70,2.5,26,Fail
43,3.0,56,Fail
54,0.5,37,Fail
77,5.5,92,Pass
82,2.5,82,Pass
52,1.5,77,Pass
56,3.0,57,Pass
51,4.5,43,Pass
97,5.5,48,Pass
47,1.5,39,Fail
47,1.5,64,Fail
64,5.5,82,Pass
47,3.5,38,Fail
45,2.5,25,Fail
41,1.5,34,Fail
77,6.0,57,Pass
75,4.5,26,Pass
77,1.5,53,Pass
85,1.0,33,Fail
56,1.5,33,Fail
95,2.0,75,Pass
83,1.0,95,Pass
87,2.0,39,Fail
82,1.0,41,Pass
58,2.5,46,Pass
53,3.0,80,Pass
62,3.0,60,Pass
41,5.0,65,Pass
64,2.0,63,Pass
38,5.5,91,Pass
35,5.5,27,Fail
96,6.0,36,Pass
80,1.5,52,Fail
72,2.0,59,Pass
57,4.0,33,Fail
72,1.5,88,Pass
93,1.0,72,Pass
77,1.0,90,Fail
74,4.0,91,Pass
65,5.0,61,Pass
57,2.0,85,Fail
80,5.5,77,Pass
99,5.0,50,Pass
63,1.0,71,Fail
60,2.5,92,Pass
63,1.0,78,Fail
63,5.5,75,Pass
99,4.5,41,Pass
81,4.5,83,Pass
58,4.5,52,Pass
59,2.0,69,Fail
63,5.5,72,Pass
37,5.5,61,Pass
69,4.5,37,Fail
88,3.0,74,Pass
78,1.0,42,Fail
48,0.5,44,Fail
82,1.5,34,Fail
82,4.0,68,Pass
52,5.0,33,Fail
75,5.5,49,Pass
75,1.5,87,Pass
90,2.0,57,Pass
44,1.0,88,Fail
48,6.0,59,Pass
67,5.0,38,Pass
38,3.0,78,Fail
62,3.5,50,Fail
86,3.5,93,Pass
45,2.0,43,Fail
65,1.5,83,Pass
99,2.0,60,Pass
68,2.0,84,Pass
67,3.5,38,Pass
71,2.0,69,Pass
47,4.5,33,Fail
45,3.5,81,Pass
79,3.5,41,Fail
61,5.5,55,Pass
54,2.5,71,Fail
37,4.0,58,Fail
90,0.5,80,Pass
37,4.5,73,Pass
84,3.5,34,Pass
60,1.5,79,Fail
74,0.5,55,Fail
51,4.5,67,Pass
45,4.0,40,Fail
70,4.0,55,Pass
80,3.0,82,Pass
48,4.0,90,Pass
63,3.5,91,Pass
64,2.0,74,Fail
49,3.5,31,Fail
72,3.5,56,Pass
44,5.0,39,Fail
68,3.0,74,Pass
42,3.0,36,Fail
67,6.0,93,Pass
55,5.5,39,Pass
64,2.0,29,Fail
63,5.5,84,Pass
94,1.5,39,Fail
67,5.0,27,Pass
88,1.5,63,Fail
50,3.0,93,Pass
58,6.0,44,Pass
40,1.0,54,Fail
62,5.0,42,Pass
78,3.0,64,Pass
89,1.0,48,Fail
72,5.5,66,Pass
77,3.5,58,Fail
47,5.5,90,Pass
37,5.5,72,Pass
86,0.5,73,Pass
46,2.0,59,Fail
41,2.5,46,Fail
96,3.5,47,Pass
98,1.0,60,Pass
75,2.5,38,Pass
60,5.0,34,Pass
89,1.5,51,Pass
48,4.5,34,Fail
63,3.0,41,Fail
58,1.0,62,Fail
94,1.5,80,Pass
95,1.5,41,Pass
77,4.0,80,Pass
42,1.0,26,Fail
66,5.0,95,Pass
51,5.0,61,Pass
93,1.0,58,Fail
44,5.5,71,Pass
39,6.0,58,Pass
81,0.5,54,Fail
64,5.5,51,Pass
89,2.0,93,Pass
40,4.0,85,Pass
87,1.5,60,Pass
37,5.0,84,Pass
37,5.0,35,Fail
65,6.0,62,Pass
49,6.0,57,Pass
74,1.0,48,Fail
37,4.0,89,Fail
37,2.0,83,Fail
82,1.0,88,Pass
49,1.5,69,Fail
78,5.5,51,Pass
84,4.5,78,Pass
39,1.0,33,Fail
85,6.0,85,Pass
52,5.0,27,Pass
60,2.0,82,Pass
41,3.0,74,Fail
90,4.5,31,Pass
71,4.0,35,Pass
68,3.0,57,Pass
98,3.5,46,Pass
57,0.5,86,Fail
93,3.5,38,Pass
82,2.5,54,Pass
95,2.0,43,Pass
94,2.0,34,Pass
99,4.0,43,Pass
44,3.0,85,Pass
87,3.0,75,Pass
87,1.5,89,Pass
77,6.0,53,Pass
53,1.5,42,Fail
98,2.5,27,Pass
48,1.5,60,Fail
67,4.5,28,Pass
69,3.0,25,Pass
46,3.0,67,Fail
82,5.5,37,Pass
41,4.5,64,Fail
80,3.5,65,Pass
90,3.0,76,Pass
58,6.0,52,Pass
81,6.0,74,Pass
45,4.5,51,Pass
90,4.5,32,Pass
97,5.5,47,Pass
45,6.0,26,Fail
80,1.0,57,Fail
68,6.0,77,Pass
70,4.5,80,Pass
81,4.0,41,Pass
67,3.0,32,Fail
74,2.5,38,Fail
50,5.0,94,Pass
60,4.0,47,Pass
91,1.5,55,Fail
42,4.0,30,Fail
74,1.5,80,Pass
47,3.0,56,Fail
90,3.5,31,Pass
73,4.0,58,Pass
61,1.5,75,Fail
51,1.0,58,Fail
63,2.0,93,Fail
97,4.0,86,Pass
68,5.5,61,Pass
66,5.0,91,Pass
84,4.5,82,Pass
60,2.5,51,Fail
63,1.0,79,Fail
57,5.5,60,Pass
45,3.5,63,Fail
81,1.0,61,Pass
92,3.5,81,Pass
94,4.0,89,Pass
92,2.5,47,Pass
64,0.5,70,Fail
53,4.0,69,Pass
76,0.5,87,Fail
97,3.0,56,Pass
82,5.0,38,Pass
67,6.0,39,Pass
80,2.5,29,Fail
85,0.5,32,Fail
95,3.0,46,Pass
85,2.0,32,Pass
63,5.5,86,Pass
53,4.5,50,Fail
67,2.5,51,Pass
56,4.5,78,Pass
96,2.5,46,Pass
68,3.5,75,Pass
66,5.5,83,Pass
58,1.5,50,Pass
77,2.0,58,Fail
69,5.5,48,Pass
43,3.0,55,Pass
91,2.0,66,Pass
58,0.5,49,Fail
63,3.0,57,Fail
48,3.5,60,Fail
71,2.5,27,Fail
81,2.0,36,Fail
92,2.5,63,Pass
38,4.0,25,Fail
98,5.5,74,Pass
81,4.0,88,Pass
53,4.0,78,Pass
48,5.0,47,Fail
54,1.5,56,Fail
92,2.0,71,Pass
54,1.0,73,Fail
65,2.5,93,Pass
81,6.0,60,Pass
92,2.5,42,Pass
78,5.0,50,Pass
84,1.0,90,Pass
46,3.0,69,Fail
92,2.5,85,Pass
53,1.5,76,Pass
43,2.5,93,Pass
98,4.0,60,Pass
48,3.0,91,Pass
44,5.0,87,Pass
76,5.5,84,Pass
56,3.0,91,Pass
44,6.0,62,Pass
74,1.0,77,Pass
84,2.0,64,Fail
87,3.0,79,Pass
45,3.5,78,Pass
71,3.5,78,Pass
88,3.5,55,Pass
45,5.5,81,Pass
48,2.0,86,Pass
35,5.0,70,Fail
69,3.5,57,Pass
48,3.0,85,Pass
82,2.0,79,Pass
98,2.0,58,Pass
49,2.5,66,Fail
77,4.5,73,Pass
49,3.0,73,Pass
36,1.5,47,Fail
84,4.5,45,Fail
63,4.0,87,Pass
97,5.5,91,Pass
70,3.5,53,Pass
45,4.0,89,Pass
64,3.0,58,Pass
48,4.0,37,Fail
92,3.0,76,Pass
80,1.5,28,Fail
57,6.0,33,Pass
69,4.5,91,Pass
79,4.0,61,Pass
86,3.0,44,Pass
40,4.5,59,Fail
36,1.0,65,Fail
42,2.5,70,Fail
61,1.0,49,Fail
65,1.0,52,Fail
44,0.5,63,Fail
62,4.5,69,Pass
64,2.0,89,Pass
42,5.0,52,Pass
95,5.5,86,Pass
74,1.5,95,Pass
60,4.5,49,Pass
68,3.0,27,Pass
55,5.5,67,Pass
91,3.0,88,Pass
72,2.5,29,Fail
67,2.0,39,Fail
94,5.5,72,Pass
89,1.5,82,Pass
88,5.0,31,Pass
50,1.5,50,Fail
45,4.0,42,Pass
80,3.0,93,Pass
65,1.0,73,Pass
79,1.0,58,Fail
84,2.0,85,Pass
54,4.5,63,Pass
54,4.5,89,Pass
67,1.5,42,Fail
53,3.0,27,Fail
78,1.0,55,Fail
84,4.5,39,Pass
66,5.0,84,Pass
82,5.5,62,Pass
68,5.5,45,Pass
81,2.5,79,Pass
50,2.0,62,Fail
83,5.5,60,Pass
81,1.5,38,Fail
52,1.0,95,Pass
71,2.0,71,Pass
91,4.5,85,Pass
51,4.5,78,Pass
83,6.0,60,Pass
97,2.5,26,Fail
91,2.0,72,Pass
61,2.5,32,Fail
74,5.0,92,Pass
99,1.5,42,Pass
72,5.5,51,Pass
42,3.5,64,Pass
38,5.0,60,Fail
86,5.0,71,Pass
63,3.0,80,Pass
51,4.5,78,Pass
58,2.5,89,Pass
84,5.0,58,Pass
65,5.0,62,Pass
91,3.5,86,Pass
83,1.5,45,Fail
98,6.0,42,Pass
93,5.5,26,Pass
52,4.0,77,Pass
78,6.0,73,Pass
36,3.5,44,Fail
99,2.5,34,Fail
52,3.0,28,Fail
78,1.0,59,Pass
90,3.5,39,Pass
45,4.0,81,Fail
90,1.0,92,Pass
36,2.0,79,Pass
64,4.5,85,Pass
66,5.0,94,Pass
59,6.0,77,Pass
73,2.0,65,Pass
94,5.0,82,Pass
56,1.5,64,Fail
73,1.0,55,Fail
92,4.5,27,Pass
85,3.0,70,Pass
38,5.0,88,Pass
96,2.0,74,Pass
38,1.5,53,Fail
73,3.5,68,Pass
72,1.0,82,Pass
86,2.0,78,Pass
45,1.5,59,Fail
47,2.5,50,Fail
84,4.5,53,Pass
45,1.0,89,Fail
66,4.0,37,Pass
83,3.5,85,Pass
77,3.5,39,Pass
49,3.0,94,Pass
55,4.0,56,Pass
98,5.0,76,Pass
64,1.5,76,Fail
38,5.0,79,Pass
49,1.0,80,Fail
57,3.0,28,Fail
100,3.5,44,Pass
55,1.5,41,Fail
37,1.0,74,Fail
68,1.0,73,Fail
40,0.5,46,Fail
53,3.5,81,Pass
100,1.5,47,Pass
81,5.0,49,Pass
38,5.5,53,Pass
64,2.0,77,Fail
46,1.5,26,Fail
43,3.0,88,Pass
73,5.5,73,Pass
68,2.5,66,Pass
83,1.0,42,Fail
93,6.0,80,Pass
51,3.0,86,Pass
95,2.5,60,Pass
69,5.5,45,Pass
52,5.5,52,Pass
90,3.0,54,Pass
37,2.0,46,Fail
71,3.0,75,Pass
82,1.5,49,Pass
53,3.0,82,Pass
91,2.0,57,Pass
51,4.0,69,Pass
90,4.5,91,Pass
40,6.0,56,Pass
45,5.0,37,Pass
60,1.0,63,Fail
91,1.5,60,Pass
44,3.5,80,Pass
92,2.0,85,Pass
50,0.5,75,Fail
64,4.5,93,Pass
58,2.5,44,Fail
43,1.0,42,Fail
96,3.5,45,Pass
63,6.0,72,Pass
80,4.0,41,Pass
72,1.5,31,Fail
68,3.5,93,Pass
75,5.5,47,Pass
93,1.0,41,Fail
80,4.0,50,Pass
70,4.5,36,Pass
77,4.5,28,Fail
74,1.5,46,Fail
63,5.5,49,Pass
76,2.5,82,Pass
64,1.0,55,Fail
84,1.0,77,Pass
98,3.0,76,Pass
97,0.5,80,Fail
88,5.0,89,Pass
74,5.5,60,Pass
84,0.5,32,Fail
47,5.0,28,Fail
66,6.0,38,Pass
52,0.5,83,Fail
35,4.5,65,Fail
98,6.0,35,Pass
91,5.0,34,Pass
68,3.5,87,Pass
52,5.5,61,Pass
80,4.5,37,Pass
63,2.0,88,Fail
87,1.5,75,Pass
100,3.5,58,Pass
58,2.5,58,Pass
51,2.5,72,Fail
52,1.5,49,Fail
41,5.0,95,Pass
61,4.5,80,Pass
36,2.5,70,Fail
42,2.0,73,Fail
53,1.0,95,Pass
45,1.0,26,Fail
83,4.0,27,Pass
42,1.0,80,Fail
91,6.0,40,Pass
49,2.0,73,Fail
42,0.5,60,Fail
36,5.0,47,Fail
81,2.5,41,Fail
52,2.5,79,Pass
68,1.0,37,Fail
42,4.0,36,Pass
99,2.5,56,Pass
43,5.0,33,Fail
62,4.0,70,Pass
90,5.5,94,Pass
51,4.0,77,Pass
52,5.0,67,Pass
88,4.5,53,Pass
53,3.0,94,Pass
35,4.5,87,Pass
63,4.0,82,Pass
36,0.5,41,Fail
94,4.5,34,Pass
77,2.0,37,Fail
73,3.5,43,Pass
48,1.0,31,Fail
80,0.5,87,Pass
79,0.5,38,Fail
39,1.5,41,Fail
92,0.5,87,Pass
73,1.0,92,Pass
87,3.5,41,Fail
52,2.5,46,Fail
43,6.0,81,Pass
81,5.0,93,Pass
87,1.5,70,Pass
60,3.0,56,Fail
37,3.0,72,Pass
88,2.5,80,Pass
48,3.0,33,Fail
57,4.0,55,Fail
76,4.0,85,Pass
41,2.5,74,Fail
40,4.5,36,Fail
37,2.0,78,Fail
95,5.0,72,Pass
55,6.0,44,Fail
78,2.0,49,Pass
99,5.0,47,Pass
79,5.0,95,Pass
69,3.0,38,Pass
69,1.0,83,Pass
59,5.0,62,Pass
74,2.5,87,Pass
97,1.5,94,Pass
86,4.0,92,Pass
63,3.0,85,Pass
57,1.0,54,Fail
92,6.0,44,Pass
44,2.0,47,Fail
90,3.5,71,Pass
52,4.0,49,Fail
82,1.0,55,Fail
87,4.5,31,Pass
66,4.0,79,Pass
47,3.0,33,Fail
90,3.5,49,Pass
59,6.0,66,Pass
56,5.5,62,Pass
68,1.0,88,Pass
63,2.5,71,Pass
79,3.5,80,Pass
44,5.5,46,Pass
63,5.0,34,Pass
93,2.5,77,Pass
37,5.5,36,Pass
65,2.5,83,Fail
78,2.0,91,Pass
93,4.0,45,Pass
74,2.5,78,Pass
89,4.0,56,Pass
49,3.0,46,Fail
58,5.0,55,Pass
96,5.5,70,Pass
93,2.0,94,Pass
71,3.5,46,Pass
66,4.5,74,Pass
64,1.5,48,Fail
39,5.0,43,Fail
93,3.5,69,Pass
88,1.5,78,Pass
65,5.5,75,Pass
53,3.0,91,Pass
57,1.5,33,Fail
43,1.5,63,Fail
82,5.0,45,Pass
71,5.5,82,Pass
50,2.5,29,Fail
75,1.0,37,Fail
99,1.0,79,Pass
43,4.0,50,Fail
65,2.5,73,Pass
67,3.0,95,Pass
46,2.5,57,Fail
70,3.0,62,Fail
74,4.0,93,Pass
45,3.5,77,Pass
45,1.5,39,Fail
91,3.0,81,Pass
55,3.0,61,Fail
76,3.5,80,Pass
76,1.0,67,Fail
90,1.5,41,Pass
83,3.5,82,Pass
90,2.0,25,Fail
76,4.0,87,Pass
64,2.5,82,Pass
61,1.5,93,Pass
60,4.0,27,Fail
62,2.5,56,Pass
43,1.5,37,Fail
63,5.0,51,Pass
60,3.0,50,Pass
37,5.5,67,Pass
53,1.5,56,Fail
84,5.5,93,Pass
73,5.0,44,Pass
87,1.0,54,Fail
70,3.5,74,Pass
91,4.0,44,Pass
87,3.0,76,Pass
41,2.5,75,Fail
99,5.5,75,Pass
36,4.5,72,Pass
74,6.0,82,Pass
87,5.0,95,Pass
57,5.0,29,Pass
74,4.5,60,Pass
59,4.0,82,Pass
39,5.5,25,Fail
36,4.0,63,Pass
41,1.0,71,Fail
41,3.5,38,Fail
75,1.0,53,Fail
69,5.5,80,Pass
65,4.0,30,Pass
80,3.5,34,Pass
36,1.5,82,Fail
53,3.5,82,Pass
86,2.5,66,Pass
94,4.0,54,Pass
63,4.0,32,Fail
40,3.0,82,Pass
87,2.0,42,Pass
93,3.5,89,Pass
62,3.0,79,Pass
51,5.0,31,Fail
38,5.5,69,Pass
73,4.5,89,Pass
94,2.5,87,Pass
79,0.5,68,Fail
56,5.5,37,Pass
77,6.0,73,Pass
89,1.0,72,Pass
66,4.5,66,Pass
88,3.0,44,Pass
60,1.5,88,Fail
58,6.0,60,Pass
73,5.5,46,Pass
65,6.0,43,Pass
99,1.5,45,Pass
69,3.0,57,Fail
60,5.5,41,Pass
61,4.0,61,Fail
71,3.0,38,Fail
58,3.5,44,Pass
82,0.5,33,Fail
60,4.0,50,Fail
60,5.0,53,Pass
75,0.5,53,Fail
39,1.5,76,Fail
78,3.5,59,Pass
68,3.5,74,Pass
64,2.5,27,Fail
82,0.5,56,Fail
84,4.5,31,Pass
90,2.0,57,Pass
59,4.0,68,Pass
56,3.5,81,Fail
81,3.0,64,Pass
73,3.5,52,Pass
76,4.5,44,Pass
71,3.5,92,Pass
85,3.5,39,Fail
47,3.0,28,Fail
71,3.0,34,Fail
45,3.0,95,Fail
61,3.0,88,Fail
78,3.0,47,Pass
67,1.5,25,Fail
60,4.5,79,Pass
93,1.0,46,Fail
85,5.5,27,Pass
69,4.0,57,Pass
97,1.0,55,Pass
63,4.0,50,Pass
86,2.5,71,Pass
46,5.5,76,Pass
54,5.5,64,Pass
57,5.0,26,Fail
42,3.5,27,Fail
68,5.5,87,Pass
47,4.0,38,Fail
76,5.5,53,Pass
47,1.5,32,Fail
43,5.5,41,Pass
98,4.0,59,Pass
78,2.0,41,Pass
96,6.0,71,Pass
67,4.5,51,Pass
37,5.5,80,Pass
72,0.5,67,Pass
71,3.5,43,Fail
36,4.5,82,Pass
91,0.5,90,Pass
75,4.5,33,Pass
83,4.0,72,Pass
67,2.0,69,Pass
75,4.5,72,Pass
52,1.0,27,Fail
98,5.0,27,Pass
61,5.5,46,Pass
46,3.0,31,Fail
39,3.5,51,Fail
76,2.5,86,Pass
99,2.5,50,Pass
93,5.5,52,Pass
81,2.0,44,Pass
99,2.5,55,Pass
82,2.0,81,Pass
57,4.0,83,Pass
74,5.0,54,Pass
40,1.5,53,Fail
49,2.0,39,Fail
62,1.0,93,Pass
48,1.5,47,Fail
97,2.5,49,Pass
100,5.0,55,Pass
59,3.5,31,Fail
81,1.0,48,Pass
62,4.0,90,Pass
44,5.0,30,Fail
57,2.5,42,Fail
50,2.0,40,Fail
56,4.5,41,Pass
49,0.5,92,Pass
42,5.0,75,Pass
49,5.0,89,Pass
94,5.5,85,Pass
41,1.0,69,Fail
56,1.0,64,Pass
69,5.5,61,Pass
58,3.0,73,Pass
69,2.5,74,Pass
38,3.5,67,Fail
77,1.0,56,Fail
72,4.0,72,Pass
79,5.5,36,Pass
72,4.0,64,Pass
63,3.0,61,Fail
58,6.0,62,Pass
50,4.5,61,Pass
68,1.0,78,Fail
37,4.0,78,Pass
56,1.0,48,Fail
79,2.0,50,Pass
42,4.0,26,Fail
39,1.5,33,Fail
77,0.5,43,Fail
61,4.0,79,Pass
87,2.0,81,Pass
96,3.5,42,Pass
97,2.0,86,Pass
63,4.5,51,Pass
52,5.5,81,Pass
75,1.0,58,Fail
76,5.0,75,Pass
75,1.5,50,Pass
56,2.5,30,Fail
39,2.5,43,Fail
49,1.5,74,Fail
45,1.0,89,Pass
43,4.5,69,Pass
95,5.0,79,Pass
36,6.0,26,Fail
74,5.5,78,Pass
97,3.0,83,Pass
58,1.0,54,Fail
69,0.5,60,Fail
80,3.5,29,Pass
56,5.0,37,Fail
66,2.0,29,Fail
88,1.5,76,Pass
83,3.0,81,Pass
88,5.5,33,Pass
99,3.0,90,Pass
59,4.5,84,Pass
84,3.0,65,Pass
74,2.5,93,Pass
78,3.0,87,Pass
83,4.5,41,Pass
84,4.5,92,Pass
93,3.0,56,Pass
58,2.0,36,Fail
77,1.5,39,Fail
53,0.5,73,Pass
74,1.0,94,Pass
84,1.5,56,Pass
86,4.5,65,Pass
62,5.0,46,Pass
68,4.5,84,Pass
57,4.5,33,Pass
46,6.0,66,Pass
52,6.0,66,Pass
94,2.0,25,Pass
55,1.5,91,Pass
98,1.5,93,Pass
51,5.5,58,Pass
82,1.0,76,Pass
72,2.5,84,Pass
80,3.5,33,Pass
77,4.0,31,Fail
81,4.0,73,Pass
94,5.0,64,Pass
72,3.5,73,Pass
39,5.0,65,Pass
53,1.0,76,Fail
81,5.0,36,Pass
67,3.5,40,Pass
71,1.5,42,Fail
74,6.0,54,Pass
60,5.5,78,Pass
85,5.0,83,Pass
82,5.5,53,Pass
81,2.5,67,Pass
81,2.0,46,Pass
93,1.5,58,Pass
74,5.5,91,Pass
98,5.0,44,Pass
43,6.0,80,Pass
76,5.0,28,Pass
82,4.0,49,Pass
66,1.5,71,Fail
54,1.5,79,Fail
71,3.0,66,Pass
59,4.5,86,Pass
94,1.5,82,Pass
58,5.5,68,Pass
46,4.5,49,Fail
72,2.0,50,Pass
61,5.5,68,Pass
41,4.0,71,Pass
72,4.5,53,Pass
70,2.5,53,Fail
46,2.5,37,Fail
74,0.5,25,Fail
72,3.5,57,Pass
85,4.5,83,Pass
59,6.0,79,Pass
51,5.5,95,Pass
97,1.0,72,Pass
71,6.0,41,Pass
37,1.5,72,Fail
88,0.5,83,Pass
48,4.5,70,Pass
86,5.5,59,Pass
81,5.5,68,Pass
98,5.0,27,Pass
98,1.5,44,Pass
53,1.5,36,Fail
85,1.0,54,Pass
56,3.5,88,Pass
76,3.0,38,Pass
74,1.0,30,Fail
39,3.0,79,Fail
35,3.5,86,Pass
39,4.5,62,Pass
43,3.0,51,Fail
52,2.5,55,Fail
94,4.0,71,Pass
69,4.5,83,Pass
87,2.0,38,Fail
89,0.5,88,Pass
83,5.5,71,Pass
60,4.5,77,Pass
91,1.5,31,Fail
83,3.5,89,Pass
83,4.0,62,Pass
94,1.0,50,Fail
74,1.5,53,Pass
69,6.0,46,Pass
93,3.5,36,Pass
65,1.5,27,Fail
88,5.0,44,Pass
39,3.0,60,Fail
35,4.0,72,Pass
69,2.0,76,Pass
40,1.0,67,Fail
98,1.5,33,Pass
35,6.0,55,Pass
82,4.0,72,Pass
51,5.0,77,Pass
98,0.5,48,Pass
60,4.5,90,Pass
37,3.0,81,Pass
37,4.0,85,Pass
71,2.5,72,Pass
99,4.0,54,Pass
99,0.5,90,Pass
57,1.0,88,Pass
66,5.0,83,Pass
42,1.0,87,Fail
69,0.5,89,Fail
74,5.5,77,Pass
51,2.0,39,Fail
75,3.5,63,Pass
93,5.0,68,Pass
35,4.5,79,Pass
50,1.0,60,Fail
49,3.5,61,Fail
43,3.5,95,Pass
46,2.5,57,Fail
76,4.5,34,Pass
42,6.0,75,Pass
83,1.5,50,Fail
93,1.5,42,Fail
95,4.5,69,Pass
78,3.0,92,Pass
48,5.0,47,Fail
41,1.5,51,Fail
50,0.5,58,Fail
98,4.5,73,Pass
98,6.0,53,Pass
60,1.0,55,Fail
56,5.5,74,Pass
68,2.5,94,Pass
54,0.5,47,Fail
99,3.5,66,Pass
49,2.0,81,Fail
59,4.5,40,Pass
63,2.0,82,Pass
43,3.0,50,Fail
60,1.5,33,Fail
91,5.0,27,Pass
44,5.5,27,Fail
73,2.5,81,Pass
61,3.0,72,Pass
46,6.0,81,Pass
36,1.5,78,Fail
53,5.0,52,Pass
39,3.5,90,Pass
59,5.5,86,Pass
88,2.0,49,Pass
82,2.0,79,Pass
97,2.5,82,Pass
63,0.5,59,Fail
81,1.5,33,Fail
78,6.0,48,Pass
49,2.0,94,Fail
55,0.5,75,Fail
69,2.0,79,Pass
87,2.5,89,Pass
65,3.5,39,Fail
50,1.0,93,Fail
100,5.0,61,Pass
43,5.0,77,Pass
97,1.5,47,Pass
88,5.0,48,Pass
90,2.5,50,Pass
87,3.0,49,Pass
49,5.5,29,Fail
76,5.5,47,Pass
84,2.5,70,Pass
83,3.0,88,Pass
53,2.0,28,Fail
47,3.5,26,Fail
56,4.5,66,Pass
66,1.0,74,Pass
72,5.5,68,Pass
89,4.5,93,Pass
85,1.0,41,Fail
79,5.5,59,Pass
52,4.5,89,Pass
66,2.0,68,Fail
57,3.5,65,Pass
50,5.0,90,Pass
36,6.0,49,Pass
57,2.0,36,Fail
52,4.0,34,Fail
72,5.0,83,Pass
39,6.0,85,Pass
53,1.0,41,Fail
38,3.5,57,Fail
77,5.5,66,Pass
72,0.5,35,Fail
57,3.0,84,Pass
45,3.5,54,Fail
97,3.5,85,Pass
73,4.5,78,Pass
79,1.0,46,Fail
70,5.0,75,Pass
87,2.0,77,Pass
93,5.0,47,Pass
60,3.0,43,Fail
80,0.5,83,Pass
50,6.0,72,Pass
77,5.0,77,Pass
61,2.5,47,Pass
35,2.0,76,Fail
97,3.5,75,Pass
91,6.0,48,Pass
54,2.0,44,Fail
100,5.5,55,Pass
56,2.5,77,Pass
65,4.5,39,Pass
90,2.5,86,Pass
55,1.0,43,Fail
64,5.5,84,Pass
78,1.5,36,Fail
43,5.5,77,Pass
62,1.0,64,Fail
55,2.0,71,Fail
79,5.5,93,Pass
44,4.0,29,Fail
50,1.5,35,Fail
81,4.0,31,Pass
45,1.5,61,Fail
62,5.5,81,Pass
81,1.0,29,Fail
85,3.5,80,Pass
41,1.0,55,Fail
90,4.5,91,Pass
82,5.5,52,Pass
57,5.0,94,Pass
85,2.5,64,Pass
82,2.0,94,Pass
74,1.0,69,Fail
71,5.5,49,Pass
83,1.0,81,Pass
100,4.0,59,Pass
73,2.5,47,Pass
88,6.0,58,Pass
83,3.5,86,Pass
91,3.5,76,Pass
97,5.5,37,Pass
48,6.0,84,Pass
46,3.5,55,Fail
73,5.0,31,Pass
64,4.0,35,Pass
72,3.0,30,Pass
87,1.0,72,Pass
96,4.5,43,Pass
62,4.5,32,Pass
82,1.0,51,Pass
48,2.0,86,Fail
70,4.5,69,Pass
36,1.5,59,Fail
68,4.5,76,Pass
70,4.5,30,Fail
83,2.5,87,Pass
77,2.0,37,Pass
58,2.5,26,Fail
35,2.5,50,Fail
43,4.0,29,Fail
98,4.5,37,Pass
95,5.0,77,Pass
56,0.5,53,Fail
52,4.5,25,Fail
63,2.0,70,Pass
80,5.0,74,Pass
58,1.0,88,Pass
39,3.5,36,Fail
61,3.5,85,Pass
52,2.5,75,Pass
56,6.0,64,Pass
46,1.0,43,Fail
78,1.5,57,Fail
69,4.0,39,Pass
53,3.5,75,Pass
71,2.0,74,Pass
67,2.0,38,Pass
87,1.5,43,Fail
97,5.5,88,Pass
43,3.5,58,Pass
92,2.0,64,Pass
81,2.5,92,Pass
80,5.5,39,Pass
59,5.5,69,Pass
57,1.0,79,Pass
35,4.0,47,Fail
99,1.5,47,Pass
74,1.5,88,Pass
61,5.5,32,Pass
70,5.5,36,Fail
38,1.0,54,Fail
46,5.5,81,Pass
76,4.5,57,Pass
68,5.0,44,Pass
86,5.0,54,Pass
78,3.5,56,Pass
74,5.5,76,Pass
88,1.5,86,Fail
39,3.5,47,Fail
80,2.5,75,Pass
82,5.0,74,Pass
53,1.0,79,Fail
48,3.0,65,Fail
49,5.0,26,Fail
48,2.0,71,Fail
69,2.0,68,Pass
44,2.0,68,Fail
78,4.5,45,Pass
42,2.0,32,Fail
37,2.5,38,Fail
56,3.5,40,Fail
47,5.5,37,Pass
99,5.0,42,Pass
55,1.5,30,Fail
49,5.5,44,Pass
48,5.0,95,Pass
59,4.5,61,Pass
74,3.5,49,Pass
86,1.0,75,Pass
59,4.5,58,Pass
76,3.5,27,Fail
66,2.0,63,Fail
90,0.5,46,Fail
72,2.0,65,Fail
54,4.0,37,Fail
81,1.0,59,Pass
88,4.0,39,Fail
65,5.0,46,Pass
99,2.0,73,Pass
92,1.0,41,Pass
48,1.5,54,Fail
86,2.5,30,Fail
74,5.0,73,Pass
70,4.0,63,Pass
68,5.5,82,Pass
90,6.0,62,Pass
75,1.5,95,Pass
70,4.5,42,Pass
38,3.0,77,Fail
64,3.0,55,Fail
94,2.5,51,Pass
81,2.5,76,Pass
38,4.0,92,Pass
92,4.0,78,Pass
89,2.5,48,Pass
71,1.0,61,Fail
36,3.5,40,Fail
72,4.5,68,Pass
39,3.5,53,Fail
56,0.5,41,Fail
76,2.0,26,Pass
94,5.0,90,Pass
58,4.5,31,Fail
91,0.5,48,Fail
95,3.0,38,Pass
36,3.0,60,Fail
51,4.0,39,Fail
81,1.0,77,Fail
84,4.0,41,Pass
61,5.5,38,Pass
78,2.5,40,Fail
75,2.5,46,Pass
83,0.5,70,Pass
82,1.0,40,Pass
41,5.5,74,Pass
45,6.0,55,Pass
44,0.5,39,Fail
96,5.5,42,Pass
94,1.5,62,Pass
87,3.5,52,Pass
43,4.0,61,Pass
72,2.5,82,Pass
47,3.5,28,Fail
59,4.0,53,Pass
52,1.5,54,Fail
89,6.0,43,Pass
44,1.5,56,Fail
77,0.5,65,Pass
99,5.5,66,Pass
80,3.0,72,Pass
40,2.5,30,Fail
94,2.0,57,Pass
77,0.5,78,Fail
65,2.0,57,Fail
78,2.5,71,Pass
92,3.5,66,Pass
66,3.0,58,Pass
70,5.5,31,Pass
64,5.5,69,Pass
40,2.0,62,Fail
86,6.0,25,Pass
43,5.5,39,Pass
61,5.5,29,Pass
60,4.5,65,Pass
53,1.5,26,Fail
61,1.5,84,Pass
75,5.5,91,Pass
55,3.5,93,Pass
46,5.5,41,Pass
92,4.5,60,Pass
98,1.5,87,Pass
65,2.5,73,Fail
56,6.0,46,Pass
38,0.5,83,Fail
37,4.5,65,Fail
61,6.0,76,Pass
95,1.0,93,Pass
82,2.0,95,Pass
58,3.5,60,Pass
98,5.0,36,Pass
63,3.5,68,Pass
53,1.0,70,Fail
63,1.0,65,Pass
49,2.5,55,Fail
93,2.5,66,Pass
58,1.5,62,Fail
78,5.0,91,Pass
60,0.5,84,Fail
94,5.0,53,Pass
77,5.5,65,Pass
67,4.0,65,Pass
44,4.0,61,Pass
94,1.5,29,Fail
71,3.5,75,Pass
54,2.5,76,Fail
92,2.0,59,Pass
39,3.5,88,Pass
55,0.5,94,Pass
70,2.0,82,Pass
57,4.0,90,Pass
66,3.0,59,Fail
52,1.5,89,Fail
43,0.5,90,Fail
37,2.0,69,Fail
45,3.5,36,Fail
97,3.5,36,Pass
72,1.0,58,Fail
67,4.0,76,Pass
60,6.0,60,Pass
81,3.5,81,Pass
44,3.5,79,Fail
53,4.0,39,Fail
78,5.5,34,Pass
66,5.5,74,Pass
85,0.5,47,Fail
93,1.5,90,Pass
89,1.0,86,Pass
47,4.5,57,Pass
41,1.0,66,Fail
46,5.5,84,Pass
86,0.5,86,Pass
94,4.0,64,Pass
95,2.0,93,Pass
54,3.0,61,Pass
90,3.0,28,Fail
70,4.5,64,Pass
88,3.0,79,Pass
71,3.0,94,Pass
44,4.5,32,Fail
40,5.5,56,Pass
97,5.0,66,Pass
63,4.5,87,Pass
58,3.0,75,Pass
58,5.5,41,Fail
60,3.0,85,Pass
96,5.5,71,Pass
39,5.0,88,Pass
43,1.5,83,Fail
86,1.0,34,Fail
71,4.5,92,Pass
43,4.5,57,Pass
37,4.0,94,Fail
50,6.0,38,Fail
52,3.5,81,Pass
36,2.5,46,Fail
49,3.5,28,Fail
83,0.5,95,Pass
91,3.5,46,Pass
93,5.5,31,Pass
60,0.5,85,Fail
56,5.0,55,Pass
100,5.0,65,Pass
85,1.0,94,Pass
70,5.0,59,Pass
52,4.5,30,Fail
56,3.0,73,Pass
68,2.0,75,Fail
70,2.0,39,Pass
36,4.0,63,Fail
97,2.0,51,Pass
72,2.5,28,Fail
73,5.5,47,Pass
49,4.5,89,Pass
85,4.5,46,Pass
83,6.0,41,Pass
41,0.5,91,Fail
74,2.0,52,Pass
78,4.0,91,Pass
89,3.0,87,Pass
48,1.0,58,Fail
92,5.0,52,Pass
65,1.0,35,Fail
41,3.5,38,Fail
42,3.5,41,Fail
48,4.0,58,Pass
53,2.0,51,Fail
67,0.5,81,Fail
84,5.5,46,Pass
47,5.5,55,Pass
100,3.0,34,Pass
45,0.5,44,Fail
74,3.5,80,Pass
95,2.0,74,Pass
89,1.5,53,Fail
77,1.5,65,Fail
82,1.5,57,Pass
44,2.5,88,Fail
36,2.0,53,Fail
63,5.0,76,Pass
41,3.0,40,Fail
58,3.0,55,Fail
50,1.5,62,Fail
95,5.5,32,Pass
92,1.0,66,Pass
88,2.0,65,Pass
81,4.0,36,Pass
45,4.5,95,Pass
38,5.0,31,Fail
78,3.0,88,Pass
77,2.5,59,Pass
59,2.0,41,Fail
66,3.5,33,Fail
67,2.5,74,Pass
51,2.5,78,Fail
55,0.5,72,Fail
62,5.5,54,Pass
74,1.0,37,Fail
97,2.0,80,Pass
70,5.5,86,Pass
83,4.5,52,Pass
87,3.5,84,Pass
42,4.0,69,Pass
77,1.0,62,Fail
66,5.0,68,Pass
72,2.0,33,Fail
37,6.0,34,Fail
94,2.0,76,Pass
97,4.0,93,Pass
35,3.5,61,Pass
49,1.5,29,Fail
47,2.5,30,Fail
86,5.0,58,Pass
74,1.5,71,Pass
47,6.0,36,Pass
88,2.0,27,Pass
58,4.0,76,Pass
65,4.0,35,Pass
60,3.0,56,Fail
69,4.0,76,Pass
66,4.5,34,Pass
53,4.0,56,Pass
63,3.5,33,Fail
94,4.0,49,Pass
68,2.5,89,Pass
95,1.0,73,Pass
71,1.5,27,Fail
85,4.0,34,Pass
54,5.5,46,Pass
86,0.5,88,Pass
52,3.5,77,Pass
36,2.0,68,Fail
45,3.5,36,Fail
36,4.5,90,Fail
97,4.5,82,Pass
100,4.5,42,Pass
85,5.0,53,Pass
42,1.0,55,Fail
93,3.5,66,Pass
83,2.0,51,Fail
57,5.5,40,Pass
68,5.0,72,Pass
78,1.0,72,Fail
37,2.0,56,Fail
68,3.0,59,Pass
83,6.0,29,Pass
47,1.0,57,Fail
64,3.5,81,Pass
70,2.5,66,Pass
83,4.0,89,Pass
98,4.0,75,Pass
90,2.0,79,Pass
75,5.0,57,Pass
73,1.0,37,Fail
74,5.0,89,Pass
70,1.5,71,Pass
39,3.5,89,Fail
80,2.5,68,Pass
82,4.0,57,Pass
68,2.0,34,Fail
92,3.5,53,Pass
79,0.5,67,Fail
59,2.5,90,Pass
36,5.0,83,Pass
39,3.0,61,Fail
58,3.0,56,Pass
65,4.0,27,Fail
46,3.0,50,Fail
47,5.5,94,Pass
50,2.5,77,Fail
86,5.5,62,Pass
85,5.5,85,Pass
60,3.0,27,Fail
46,2.5,92,Pass
42,4.0,74,Pass
41,4.5,26,Fail
60,1.5,74,Fail
38,2.0,31,Fail
57,1.5,70,Fail
97,4.5,46,Pass
68,4.5,40,Fail
88,1.5,69,Pass
43,3.5,55,Fail
52,4.5,30,Fail
97,5.5,83,Pass
60,1.5,44,Fail
77,2.0,68,Pass
98,2.5,68,Pass
71,4.0,29,Fail
55,1.5,95,Pass
70,1.5,56,Fail
39,5.0,39,Fail
42,3.5,56,Pass
35,1.5,67,Fail
92,2.5,25,Fail
79,1.0,46,Fail
54,2.5,63,Pass
49,2.5,74,Pass
79,1.0,47,Fail
95,1.0,53,Pass
54,5.5,40,Fail
56,5.5,46,Pass
91,0.5,73,Pass
93,4.0,49,Pass
94,1.0,45,Fail
54,5.0,46,Pass
43,5.5,68,Pass
64,4.0,64,Pass
54,4.0,53,Pass
92,2.5,69,Pass
37,2.0,70,Fail
76,3.0,26,Fail
94,1.0,49,Pass
98,4.0,42,Pass
77,3.0,83,Pass
97,1.5,44,Pass
40,3.5,47,Fail
58,5.0,63,Pass
36,3.5,63,Fail
99,3.5,82,Pass
94,5.0,52,Pass
37,0.5,45,Fail
36,4.0,68,Fail
59,3.0,76,Pass
52,1.5,94,Pass
90,6.0,68,Pass
45,2.5,59,Fail
86,2.5,34,Pass
71,1.5,94,Pass
60,6.0,73,Pass
44,5.0,37,Fail
100,1.0,57,Pass
75,3.5,64,Pass
64,1.5,40,Fail
59,4.5,76,Pass
94,3.0,71,Pass
88,1.0,41,Fail
88,3.5,94,Pass
75,5.5,91,Pass
93,2.5,44,Pass
54,1.0,56,Fail
81,5.5,88,Pass
61,1.5,53,Fail
74,3.0,92,Pass
100,3.5,39,Pass
99,2.0,76,Pass
68,1.5,67,Fail
72,1.0,49,Fail
93,1.0,75,Pass
99,3.5,27,Fail
86,5.0,41,Pass
39,1.0,43,Fail
56,4.5,33,Pass
93,3.0,27,Pass
85,0.5,50,Pass
83,3.5,40,Pass
78,2.0,34,Fail
62,4.0,36,Fail
61,2.5,83,Pass
88,4.0,32,Pass
54,5.5,76,Pass
80,2.0,29,Pass
82,5.5,28,Pass
90,1.5,56,Fail
56,1.0,52,Fail
83,1.5,63,Pass
42,5.0,74,Fail
44,4.0,47,Fail
62,6.0,39,Fail
39,4.5,83,Pass
97,3.0,37,Fail
94,5.5,81,Pass
38,6.0,66,Pass
89,5.0,45,Pass
68,3.5,47,Fail
81,5.0,51,Pass
93,1.5,66,Fail
73,5.5,94,Pass
43,6.0,47,Pass
35,4.0,91,Pass
67,1.5,39,Fail
97,1.5,33,Pass
72,6.0,62,Pass
59,5.5,93,Pass
37,4.5,59,Pass
94,5.5,81,Pass
56,3.5,58,Fail
81,5.5,85,Pass
80,1.5,82,Pass
52,1.5,73,Pass
39,3.5,68,Pass
60,2.5,61,Fail
56,3.0,92,Pass
81,5.0,64,Pass
88,1.0,49,Pass
49,4.5,87,Pass
69,1.0,71,Pass
38,5.0,64,Fail
49,1.5,73,Fail
85,4.5,49,Pass
87,4.0,54,Pass
85,2.5,39,Pass
44,2.0,85,Fail
71,1.0,72,Pass
62,2.5,83,Pass
99,1.5,47,Pass
78,1.0,95,Pass
96,4.5,50,Pass
44,1.5,50,Fail
64,1.5,92,Pass
85,2.5,71,Pass
59,3.0,90,Pass
76,3.5,69,Pass
68,4.0,42,Fail
99,3.5,52,Pass
46,3.0,85,Pass
96,2.5,59,Pass
61,2.0,75,Pass
65,4.5,37,Pass
69,2.0,53,Fail
52,5.0,84,Pass
98,3.5,91,Pass
94,4.0,48,Pass
98,3.5,37,Pass
100,5.5,27,Pass
79,3.0,34,Pass
64,3.0,83,Pass
90,5.5,57,Pass
37,4.0,45,Fail
89,3.0,79,Pass
67,2.0,81,Pass
79,2.0,50,Fail
59,5.0,88,Pass
59,2.0,57,Pass
37,0.5,43,Fail
63,0.5,88,Pass
62,6.0,36,Pass
50,3.5,95,Pass
51,3.0,68,Fail
73,5.5,89,Pass
56,2.5,38,Fail
89,5.0,52,Pass
42,4.5,86,Pass
73,3.0,84,Pass
45,5.0,86,Pass
69,6.0,45,Pass
71,1.5,68,Fail
77,0.5,52,Fail
63,5.0,47,Pass
68,2.5,61,Pass
47,3.5,75,Fail
65,1.5,61,Fail
59,5.0,41,Pass
78,4.5,82,Pass
63,5.5,93,Pass
86,3.0,50,Pass
63,6.0,84,Pass
50,3.5,85,Pass
53,4.0,43,Fail
38,4.0,74,Pass
70,3.0,91,Pass
89,3.5,77,Pass
85,1.5,27,Fail
63,2.5,67,Fail
48,4.5,79,Pass
91,0.5,68,Pass
39,4.5,27,Fail
61,2.0,33,Fail
91,2.0,81,Pass
61,4.5,59,Pass
43,1.5,92,Fail
52,6.0,54,Pass
74,6.0,83,Pass
45,3.0,27,Fail
78,2.5,84,Pass
63,1.0,85,Pass
57,5.0,50,Pass
51,1.5,47,Fail
89,5.5,89,Pass
61,6.0,79,Pass
83,1.0,67,Pass
64,4.5,56,Pass
41,3.0,89,Pass
64,3.5,77,Pass
68,1.5,54,Fail
65,4.5,60,Pass
88,1.5,32,Fail
94,5.5,82,Pass
86,3.0,84,Pass
73,4.0,50,Pass
70,5.5,47,Pass
77,4.5,43,Pass
54,3.5,37,Pass
88,2.5,91,Pass
91,3.0,78,Pass
52,2.5,55,Fail
94,5.5,33,Pass
90,2.0,35,Pass
63,3.0,75,Pass
94,5.0,39,Pass
43,2.5,49,Fail
37,5.5,92,Pass
58,2.0,66,Fail
72,0.5,82,Fail
58,4.0,32,Fail
96,3.5,48,Pass
52,5.5,88,Pass
53,3.0,82,Pass
76,1.0,76,Pass
35,2.5,66,Fail
82,2.5,44,Pass
60,3.5,66,Pass
99,2.0,29,Pass
80,3.5,39,Pass
38,5.5,61,Pass
41,3.0,25,Fail
41,4.0,41,Fail
97,2.0,36,Pass
79,5.0,49,Pass
63,2.0,85,Pass
48,3.5,91,Fail
92,2.0,37,Pass
48,1.0,41,Fail
81,2.5,84,Pass
85,1.5,37,Fail
54,5.5,77,Pass
68,2.0,31,Fail
49,6.0,70,Pass
60,3.0,44,Pass
98,1.5,77,Pass
80,2.5,61,Pass
90,1.5,38,Fail
70,5.0,53,Pass
51,1.0,61,Fail
81,5.5,95,Pass
68,1.0,59,Fail
46,2.0,36,Fail
62,1.5,64,Pass
76,4.5,40,Pass
83,3.5,87,Pass
51,5.5,83,Pass
92,2.5,34,Fail
60,0.5,66,Fail
53,4.5,74,Pass
48,3.5,43,Fail
87,5.0,69,Pass
58,3.0,57,Pass
66,4.5,59,Pass
49,1.5,64,Fail
80,6.0,65,Pass
86,1.5,75,Pass
57,5.0,57,Pass
96,1.5,76,Pass
37,5.0,59,Pass
44,5.0,71,Pass
73,5.5,43,Pass
81,3.0,63,Pass
51,3.0,58,Fail
71,5.0,46,Pass
56,3.5,29,Fail
71,4.0,61,Pass
78,2.0,26,Pass
98,3.0,52,Pass
65,2.5,51,Pass
77,4.0,69,Pass
73,1.5,94,Pass
56,2.5,85,Pass
51,5.0,93,Pass
99,3.5,92,Pass
48,5.5,30,Pass
86,2.0,45,Fail
45,3.0,46,Fail
87,3.5,30,Pass
47,2.5,84,Pass
98,4.5,88,Pass
80,1.5,67,Pass
41,3.5,87,Pass
80,1.5,75,Pass
74,4.0,56,Pass
57,5.0,35,Pass
52,0.5,92,Fail
82,3.0,73,Pass
83,3.0,50,Pass
56,4.5,34,Fail
92,1.0,81,Pass
52,2.5,81,Pass
40,5.0,63,Pass
74,3.5,95,Pass
42,4.5,52,Fail
53,2.5,91,Pass
68,5.5,69,Pass
54,1.0,77,Fail
49,1.0,89,Fail
81,3.5,83,Pass
71,3.0,45,Pass
90,4.0,86,Pass
73,2.0,63,Pass
66,1.5,28,Fail
52,4.5,72,Pass
86,2.0,60,Pass
48,4.5,63,Fail
51,4.0,54,Fail
90,1.0,29,Fail
83,4.5,38,Pass
75,5.5,78,Pass
38,5.0,41,Fail
43,0.5,69,Fail
67,3.5,63,Pass
84,5.5,40,Pass
65,4.0,45,Pass
36,2.0,52,Fail
47,1.5,87,Fail
73,4.5,91,Pass
80,4.5,52,Pass
37,5.5,28,Pass
38,5.5,67,Pass
52,2.5,54,Fail
40,4.0,59,Fail
70,1.0,56,Pass
43,1.0,71,Fail
77,1.0,46,Fail
86,5.5,87,Pass
98,1.5,54,Fail
97,3.0,49,Pass
53,3.0,90,Pass
37,2.5,50,Fail
56,3.5,31,Fail
81,0.5,36,Fail
39,2.5,75,Pass
58,3.0,64,Pass
54,5.0,62,Pass
49,4.5,31,Fail
81,5.0,36,Pass
78,2.5,53,Fail
70,1.5,56,Pass
94,2.5,51,Pass
42,6.0,60,Pass
45,1.5,76,Fail
60,1.5,69,Fail
78,5.5,68,Pass
73,5.5,64,Pass
40,1.5,39,Fail
97,4.5,67,Pass
55,3.0,36,Fail
58,3.0,75,Pass
76,3.0,57,Fail
96,6.0,66,Pass
78,1.5,85,Pass
97,5.0,51,Pass
47,0.5,32,Fail
75,4.0,87,Pass
89,4.0,51,Pass
68,4.5,53,Pass
59,5.5,46,Pass
99,4.5,54,Pass
44,4.5,61,Pass
62,2.0,84,Fail
92,6.0,75,Pass
94,3.0,61,Pass
99,3.0,78,Pass
93,3.5,84,Pass
38,2.5,29,Fail
95,4.0,66,Pass
63,2.5,28,Fail
77,2.0,47,Pass
61,5.5,78,Pass
88,5.5,80,Pass
72,3.0,87,Pass
90,6.0,60,Pass
48,3.0,31,Fail
47,2.5,34,Fail
64,5.5,42,Pass
35,4.0,51,Fail
80,4.5,62,Pass
54,3.0,70,Fail
71,2.5,36,Fail
40,1.0,38,Fail
46,6.0,37,Pass
75,2.0,78,Pass
55,3.0,46,Fail
49,1.0,37,Fail
50,4.0,55,Pass
49,2.5,42,Fail
75,4.5,51,Pass
46,3.5,83,Pass
59,1.0,48,Fail
80,0.5,37,Fail
68,1.5,41,Fail
74,4.5,27,Pass
51,5.0,88,Pass
96,2.5,74,Pass
62,3.5,57,Pass
54,2.0,64,Fail
94,5.5,43,Pass
78,6.0,53,Pass
75,4.5,47,Pass
93,1.0,83,Pass
39,3.0,77,Fail
89,6.0,45,Pass
79,2.0,78,Pass
58,4.0,32,Pass
52,5.5,39,Pass
42,5.0,32,Fail
96,4.0,42,Pass
44,3.5,41,Fail
52,5.5,88,Pass
80,2.5,48,Fail
81,5.5,50,Pass
45,3.0,32,Fail
88,4.5,30,Pass
68,5.5,40,Pass
90,3.5,34,Pass
41,2.0,49,Fail
38,1.0,38,Fail
76,5.0,37,Pass
45,4.0,70,Pass
69,2.0,91,Pass
36,5.5,26,Fail
86,5.5,74,Pass
93,5.5,71,Pass
90,4.0,66,Pass
97,6.0,73,Pass
94,5.5,61,Pass
64,1.0,90,Pass
61,6.0,36,Pass
93,3.5,58,Pass
95,5.5,71,Pass
98,4.5,89,Pass
85,4.0,59,Pass
48,2.5,93,Pass
96,0.5,71,Pass
97,2.0,74,Pass
78,4.5,82,Pass
91,5.0,76,Pass
71,0.5,62,Fail
96,1.5,79,Pass
41,4.0,28,Fail
91,2.0,90,Pass
39,1.5,83,Fail
57,1.0,70,Pass
44,4.0,30,Fail
66,4.0,46,Fail
50,5.0,43,Fail
97,2.0,43,Fail
71,1.5,72,Fail
93,5.0,86,Pass
53,6.0,73,Pass
37,2.5,52,Fail
85,5.5,93,Pass
81,4.5,85,Pass
70,5.5,73,Pass
88,3.0,53,Pass
90,1.0,73,Fail
73,1.0,54,Fail
98,4.5,36,Pass
82,5.0,68,Pass
79,3.0,74,Pass
58,1.0,49,Fail
35,1.0,90,Fail
51,4.0,85,Pass
85,5.5,66,Pass
81,2.5,29,Pass
57,4.0,26,Fail
76,3.5,70,Pass
48,5.5,82,Pass
52,5.0,60,Pass
97,1.5,27,Fail
62,4.0,35,Pass
51,5.0,40,Fail
67,5.5,69,Fail
60,3.5,59,Pass
82,1.5,32,Pass
98,3.5,60,Pass
73,4.0,86,Pass
73,2.0,56,Fail
59,6.0,35,Fail
72,2.0,65,Pass
56,5.5,90,Pass
35,3.0,33,Fail
91,0.5,36,Fail
63,3.5,65,Pass
67,4.0,49,Pass
40,5.5,88,Pass
89,3.5,75,Pass
46,1.0,35,Fail
62,5.5,86,Pass
90,3.5,70,Pass
65,2.0,60,Fail
96,5.5,43,Pass
49,1.0,70,Fail
81,1.0,88,Pass
99,3.5,28,Pass
71,4.0,51,Fail
80,3.5,90,Pass
61,5.5,52,Pass
84,2.0,28,Pass
94,6.0,32,Pass
81,0.5,73,Pass
96,1.0,74,Pass
73,1.5,33,Fail
73,1.0,40,Fail
55,3.0,64,Pass
81,5.5,73,Pass
92,5.0,36,Pass
77,4.5,57,Pass
50,0.5,64,Fail
70,5.5,28,Pass
84,2.5,41,Pass
96,4.5,89,Pass
45,4.5,87,Pass
43,1.5,48,Fail
62,3.5,86,Pass
43,5.5,69,Pass
99,2.0,94,Pass
63,4.5,93,Pass
70,6.0,68,Pass
50,2.5,58,Fail
64,2.5,35,Fail
99,3.0,62,Pass
67,5.0,53,Pass
36,3.0,70,Fail
51,3.0,31,Fail
99,1.5,83,Pass
99,6.0,93,Pass
49,5.5,40,Pass
75,4.0,69,Pass
40,6.0,81,Pass
73,4.5,64,Pass
43,6.0,90,Pass
88,1.5,61,Pass
96,1.5,44,Pass
46,5.5,58,Pass
65,3.0,59,Pass
42,2.5,43,Fail
57,4.5,80,Pass
39,4.0,68,Fail
52,2.5,51,Fail
99,2.5,55,Pass
38,2.5,51,Fail
91,1.0,56,Pass
40,2.0,62,Fail
69,3.5,48,Pass
64,5.0,82,Pass
96,3.0,90,Pass
48,2.5,62,Fail
47,4.0,75,Pass
84,1.5,90,Pass
82,2.5,38,Fail
80,1.5,38,Fail
37,4.0,30,Fail
52,1.0,56,Fail
90,3.0,48,Pass
74,4.0,64,Pass
74,5.0,57,Pass
54,4.5,38,Fail
52,5.5,52,Pass
97,4.0,27,Pass
82,2.5,63,Pass
43,2.0,44,Fail
96,1.0,33,Fail
73,2.0,30,Fail
57,1.5,75,Fail
61,2.5,42,Fail
82,4.5,71,Pass
59,4.5,82,Pass
73,2.0,60,Fail
81,3.5,34,Pass
48,1.5,68,Fail
96,3.5,30,Pass
58,3.5,82,Pass
62,2.0,78,Fail
80,2.0,53,Fail
75,6.0,44,Pass
64,3.5,75,Pass
77,3.5,65,Pass
94,0.5,35,Fail
87,1.5,78,Pass
89,2.5,48,Fail
52,6.0,88,Pass
62,1.5,83,Fail
71,2.0,44,Fail
38,6.0,43,Fail
85,3.0,53,Fail
56,2.5,81,Pass
53,4.0,34,Fail
52,3.0,47,Fail
53,6.0,71,Pass
57,1.0,27,Fail
74,5.0,29,Pass
73,2.0,78,Pass
52,5.0,62,Pass
48,5.0,64,Pass
89,5.0,42,Pass
41,5.5,62,Pass
68,4.5,63,Pass
69,1.5,54,Fail
72,1.0,93,Pass
93,2.5,28,Pass
76,3.0,54,Pass
98,2.0,85,Pass
92,4.5,39,Pass
49,4.5,90,Pass
51,6.0,55,Pass
57,2.5,36,Fail
60,5.0,32,Pass
71,4.5,48,Pass
50,6.0,89,Pass
49,5.0,91,Pass
60,2.0,64,Pass
79,0.5,33,Fail
80,6.0,57,Pass
98,4.5,54,Pass
48,5.0,41,Fail
61,5.0,30,Pass
98,4.5,52,Pass
80,4.5,51,Pass
73,5.5,74,Pass
70,5.5,53,Pass
40,2.5,26,Fail
93,0.5,26,Fail
76,0.5,73,Pass
72,3.0,71,Pass
70,5.0,36,Pass
60,5.0,86,Pass
52,2.5,71,Pass
84,2.0,36,Pass
68,3.5,45,Fail
37,5.0,93,Pass
61,4.0,54,Pass
95,1.5,42,Fail
59,2.5,62,Fail
62,3.5,39,Fail
76,3.5,80,Pass
87,5.0,81,Pass
78,5.5,81,Pass
90,1.0,68,Pass
42,1.5,74,Fail
95,2.5,47,Pass
94,2.0,87,Pass
69,2.5,35,Fail
76,0.5,43,Fail
49,1.0,94,Pass
64,5.0,92,Pass
48,1.0,61,Fail
36,5.0,60,Pass
99,2.0,33,Fail
52,2.0,71,Pass
74,1.0,27,Fail
55,0.5,47,Fail
59,2.5,54,Fail
61,5.0,88,Pass
57,5.5,93,Pass
76,1.0,93,Pass
97,0.5,81,Pass
63,1.5,45,Fail
98,4.5,28,Pass
78,1.5,55,Fail
74,2.0,46,Fail
50,5.5,71,Pass
39,5.5,51,Fail
90,4.0,87,Pass
72,1.5,51,Fail
62,2.5,51,Fail
88,2.0,78,Pass
55,4.0,66,Fail
86,5.0,43,Pass
56,1.5,72,Fail
95,5.5,64,Pass
52,3.0,32,Fail
44,5.0,58,Pass
80,1.0,89,Pass
46,2.5,40,Fail
97,0.5,54,Pass
78,4.5,44,Pass
50,1.0,63,Fail
49,2.5,93,Pass
95,5.0,47,Pass
75,4.5,83,Pass
93,4.0,84,Pass
42,4.5,43,Fail
95,4.0,79,Pass
69,4.0,94,Pass
78,2.5,92,Pass
59,0.5,67,Fail
39,3.0,36,Fail
97,1.0,33,Pass
100,3.0,44,Pass
59,3.0,67,Fail
96,1.5,52,Fail
46,5.0,74,Pass
45,4.5,80,Pass
40,3.5,38,Fail
60,5.5,88,Pass
38,2.0,29,Fail
61,2.0,44,Fail
44,1.5,82,Fail
82,3.5,38,Pass
89,1.5,40,Pass
80,5.5,93,Pass
48,2.0,89,Pass
85,3.0,82,Pass
51,3.5,37,Fail
84,2.0,43,Fail
72,4.5,41,Pass
59,4.5,38,Fail
40,4.5,93,Pass
89,4.0,37,Pass
96,3.0,77,Pass
78,3.0,29,Pass
98,4.5,63,Pass
96,2.5,30,Pass
48,3.0,29,Fail
83,1.5,41,Fail
58,4.0,90,Pass
67,1.0,70,Pass
45,6.0,71,Pass
98,1.5,46,Pass
82,2.5,76,Pass
52,2.0,73,Pass
59,2.0,57,Pass
62,2.5,73,Fail
84,4.5,86,Pass
95,1.5,92,Pass
56,2.0,95,Pass
66,1.0,59,Fail
74,2.5,27,Pass
61,5.5,41,Pass
68,2.5,39,Pass
42,5.0,46,Fail
46,3.0,50,Fail
61,3.0,72,Pass
94,5.0,62,Pass
58,0.5,70,Fail
51,5.5,93,Pass
83,3.0,28,Pass
97,2.5,26,Pass
65,5.5,72,Pass
36,2.5,63,Fail
80,6.0,59,Pass
62,5.5,85,Pass
79,2.0,36,Fail
53,2.5,65,Fail
35,5.0,90,Pass
57,1.5,56,Fail
81,4.5,66,Pass
61,1.0,30,Fail
49,1.5,49,Fail
65,3.5,28,Pass
84,4.5,65,Pass
43,4.5,66,Pass
80,4.0,92,Pass
78,2.0,70,Fail
59,3.0,25,Fail
98,2.0,83,Pass
93,2.0,48,Pass
56,2.5,75,Fail
37,4.0,43,Fail
55,1.5,78,Pass
48,0.5,90,Fail
71,4.5,31,Pass
95,0.5,63,Pass
92,6.0,63,Pass
55,2.5,45,Fail
63,0.5,49,Fail
37,5.5,72,Pass
70,4.0,45,Pass
39,5.0,27,Fail
96,3.0,79,Pass
91,2.5,69,Pass
49,4.0,43,Fail
80,2.5,92,Pass
72,3.5,88,Pass
87,2.0,93,Pass
66,2.5,61,Fail
47,1.0,41,Fail
77,5.0,37,Pass
40,2.5,91,Pass
73,6.0,87,Pass
49,2.0,77,Fail
80,3.0,61,Pass
89,2.0,52,Pass
42,4.5,74,Pass
61,5.0,26,Pass
83,3.0,62,Pass
46,2.5,73,Fail
72,4.5,78,Pass
79,1.5,57,Pass
58,4.0,77,Pass
89,4.5,32,Pass
68,2.0,41,Fail
76,4.0,35,Pass
44,4.5,49,Fail
37,1.0,49,Fail
38,2.5,51,Fail
94,2.5,58,Pass
92,5.0,56,Pass
87,3.5,59,Pass
48,3.0,78,Fail
69,2.5,35,Pass
87,0.5,50,Pass
79,0.5,25,Fail
43,2.0,27,Fail
93,1.0,67,Pass
45,1.0,86,Fail
46,4.0,46,Fail
94,4.0,53,Pass
67,0.5,40,Fail
59,4.0,35,Fail
71,1.5,87,Pass
99,2.5,65,Pass
43,6.0,74,Pass
84,3.5,87,Pass
57,0.5,66,Fail
43,2.5,38,Fail
62,4.0,75,Pass
71,1.5,77,Fail
48,6.0,54,Pass
61,3.0,68,Pass
76,0.5,59,Pass
72,3.5,48,Fail
82,4.0,72,Pass
89,3.0,42,Pass
62,5.5,48,Pass
62,5.5,53,Pass
67,1.5,68,Fail
72,1.0,85,Pass
42,2.0,68,Fail
55,4.0,76,Pass
46,4.0,45,Fail
60,2.0,66,Fail
98,5.5,32,Pass
73,2.0,57,Fail
63,5.0,73,Pass
72,5.0,38,Pass
78,1.0,88,Pass
63,2.0,54,Pass
64,1.5,72,Fail
81,5.5,58,Pass
39,2.5,76,Fail
70,5.0,66,Pass
71,3.0,34,Fail
84,3.0,90,Pass
99,5.5,71,Pass
87,3.0,58,Pass
68,4.5,72,Pass
46,3.0,43,Fail
73,1.0,79,Pass
89,1.0,54,Fail
96,1.5,81,Pass
89,4.5,44,Pass
47,2.5,80,Pass
81,3.0,88,Fail
92,1.0,94,Pass
79,4.0,79,Pass
80,5.0,74,Pass
68,4.0,61,Pass
76,6.0,32,Pass
54,0.5,64,Fail
41,0.5,64,Fail
89,3.5,30,Fail
96,2.0,73,Pass
91,4.5,35,Pass
57,5.0,67,Pass
41,1.0,58,Fail
53,5.5,86,Pass
90,0.5,41,Fail
78,4.5,37,Pass
98,2.5,64,Pass
57,4.0,57,Pass
71,1.0,36,Fail
86,5.5,68,Pass
50,5.5,88,Pass
98,3.5,77,Pass
74,3.5,40,Pass
36,4.0,42,Fail
37,3.5,64,Pass
92,3.5,72,Pass
77,3.5,94,Pass
85,5.0,32,Pass
86,4.0,63,Pass
62,1.5,94,Fail
87,5.5,33,Pass
96,1.5,93,Pass
46,1.5,57,Fail
85,6.0,75,Pass
55,1.5,55,Fail
56,1.0,84,Fail
62,3.5,89,Pass
91,5.0,37,Pass
36,1.0,77,Fail
63,3.0,26,Pass
79,1.0,44,Fail
42,3.0,64,Fail
86,2.5,67,Pass
96,1.5,51,Pass
41,5.5,44,Pass
45,4.0,37,Fail
98,5.0,42,Pass
48,5.5,34,Fail
40,5.5,43,Pass
97,4.5,82,Pass
93,2.0,45,Pass
78,5.0,89,Pass
71,3.5,42,Fail
95,2.0,59,Pass
78,2.5,37,Fail
78,2.0,26,Fail
90,3.0,69,Pass
77,5.0,49,Pass
68,3.0,49,Fail
60,2.0,54,Fail
68,1.0,79,Pass
69,5.0,53,Pass
58,3.0,31,Fail
64,3.0,45,Pass
87,4.5,65,Pass
62,5.0,95,Pass
37,3.5,35,Fail
53,4.0,48,Fail
50,2.0,59,Fail
87,5.5,91,Pass
64,3.5,33,Fail
53,4.5,81,Pass
88,1.0,76,Pass
36,4.0,46,Fail
46,2.5,79,Fail
89,3.0,65,Pass
71,4.5,37,Pass
85,5.0,45,Pass
89,2.5,48,Fail
96,5.5,48,Pass
39,1.5,77,Fail
87,3.5,71,Pass
81,1.5,82,Pass
48,2.0,61,Fail
96,5.5,50,Pass
61,0.5,30,Fail
93,5.5,81,Pass
74,2.5,30,Fail
69,4.5,46,Fail
45,1.0,72,Fail
94,4.0,78,Pass
71,5.5,30,Pass
35,3.5,68,Fail
36,2.5,35,Fail
86,5.0,78,Pass
46,4.5,76,Pass
74,1.0,77,Fail
79,4.0,29,Pass
53,4.0,64,Fail
72,4.5,42,Pass
51,2.0,60,Fail
97,2.5,94,Pass
91,6.0,31,Pass
54,3.5,67,Pass
69,3.5,37,Pass
68,6.0,61,Pass
97,2.0,61,Pass
61,2.5,57,Pass
72,4.5,70,Pass
95,4.5,93,Pass
46,6.0,81,Pass
71,4.0,92,Pass
42,2.0,38,Fail
75,2.5,95,Pass
59,1.0,46,Fail
98,5.5,27,Pass
62,1.0,56,Fail
44,3.5,42,Fail
89,2.5,78,Pass
88,1.0,31,Pass
80,2.0,63,Pass
84,4.0,45,Pass
52,0.5,39,Fail
77,6.0,86,Pass
37,5.5,61,Pass
48,1.0,48,Fail
96,5.5,77,Pass
83,2.5,85,Pass
50,1.0,56,Fail
42,2.0,38,Fail
97,5.0,95,Pass
42,4.0,50,Fail
52,2.0,39,Fail
47,4.5,32,Fail
35,4.5,34,Fail
55,4.5,91,Pass
98,3.5,91,Pass
57,5.0,61,Pass
68,4.0,73,Pass
83,1.0,83,Pass
71,5.0,64,Pass
83,2.5,72,Pass
78,4.5,93,Pass
75,4.0,37,Pass
77,2.5,35,Fail
87,1.5,78,Pass
81,4.5,74,Pass
86,5.0,38,Pass
44,5.0,46,Pass
79,4.0,73,Pass
83,2.0,60,Pass
54,2.0,88,Pass
92,4.5,84,Pass
55,3.0,59,Fail
51,4.5,72,Fail
91,2.0,70,Pass
51,0.5,31,Fail
62,4.0,55,Pass
59,4.0,56,Pass
93,4.0,88,Pass
65,2.0,87,Pass
80,5.0,29,Pass
87,3.0,84,Pass
76,4.5,68,Pass
96,4.0,26,Pass
87,3.0,52,Pass
61,4.0,87,Pass
97,3.5,50,Pass
69,3.5,72,Pass
36,4.0,65,Pass
52,1.0,66,Fail
75,5.5,59,Pass
45,2.5,59,Fail
73,1.5,88,Pass
59,4.5,54,Fail
70,2.0,38,Fail
35,6.0,54,Pass
90,3.0,76,Pass
59,2.0,58,Fail
44,1.0,76,Fail
63,0.5,42,Fail
67,1.0,66,Fail
76,0.5,86,Pass
69,2.5,62,Fail
38,2.0,70,Fail
92,3.0,73,Pass
65,2.0,77,Pass
40,1.0,50,Fail
85,1.0,69,Fail
78,1.5,54,Pass
77,2.0,52,Fail
63,1.5,58,Fail
62,2.5,54,Fail
70,5.5,27,Pass
38,2.0,77,Fail
54,1.5,66,Fail
99,4.0,35,Pass
78,3.0,43,Pass
62,1.0,68,Fail
49,5.0,61,Pass
83,4.5,76,Pass
52,6.0,59,Pass
46,5.5,84,Pass
45,3.5,30,Fail
82,4.5,68,Pass
77,3.0,51,Fail
40,5.5,46,Pass
42,3.5,91,Fail
76,2.5,85,Pass
72,0.5,38,Fail
80,3.5,29,Pass
47,3.5,86,Fail
82,5.0,37,Pass
96,1.5,90,Pass
74,5.0,44,Pass
48,0.5,54,Fail
79,3.5,28,Fail
57,2.5,63,Fail
38,2.5,38,Fail
55,3.0,55,Pass
94,1.5,89,Fail
62,1.5,43,Fail
91,5.0,69,Pass
68,2.0,39,Fail
69,4.5,68,Pass
35,4.5,45,Fail
76,0.5,73,Fail
42,5.5,79,Pass
66,5.0,87,Pass
52,5.0,89,Pass
61,5.0,42,Pass
70,3.5,34,Fail
36,6.0,28,Fail
53,1.5,75,Fail
99,1.0,38,Pass
39,4.5,81,Pass
56,2.0,93,Pass
56,4.0,35,Pass
60,2.5,45,Pass
80,2.5,62,Pass
51,5.5,55,Pass
65,1.5,55,Fail
77,1.5,40,Fail
56,4.0,87,Pass
97,5.0,73,Pass
99,5.0,36,Pass
43,2.0,25,Fail
57,5.5,78,Pass
49,4.0,26,Fail
47,5.0,87,Pass
67,1.0,62,Fail
72,2.5,90,Pass
63,3.5,79,Pass
53,3.5,88,Pass
53,1.0,77,Fail
99,3.5,65,Pass
95,4.0,37,Pass
40,2.5,76,Fail
78,3.5,66,Pass
65,2.0,57,Fail
80,5.5,64,Pass
74,4.0,41,Pass
93,3.5,53,Pass
39,5.5,34,Fail
58,4.0,54,Pass
99,2.0,58,Pass
47,4.0,85,Pass
43,6.0,62,Pass
82,0.5,89,Fail
86,4.0,93,Pass
79,1.5,28,Fail
85,5.0,67,Pass
80,4.0,46,Pass
44,5.5,85,Pass
75,4.0,60,Pass
85,0.5,30,Fail
91,3.5,40,Pass
51,5.5,72,Pass
43,2.0,31,Fail
86,1.0,52,Pass
52,4.5,86,Pass
37,3.5,27,Fail
89,1.0,74,Pass
68,2.0,72,Pass
56,2.5,47,Pass
36,4.0,33,Fail
37,3.0,32,Fail
87,3.0,93,Pass
67,5.0,72,Pass
45,2.0,51,Fail
58,4.0,83,Pass
46,2.5,32,Fail
42,3.0,34,Fail
53,3.5,39,Fail
71,4.5,78,Pass
49,5.5,54,Pass
57,2.0,70,Pass
66,1.0,41,Fail
62,3.0,79,Pass
43,3.5,81,Fail
38,2.0,54,Fail
37,5.5,40,Pass
58,5.0,69,Pass
82,3.0,43,Pass
44,3.0,35,Fail
86,0.5,68,Pass
82,3.5,61,Pass
35,4.0,80,Pass
37,5.5,45,Fail
48,3.5,41,Fail
39,1.5,70,Fail
70,1.5,74,Fail
38,1.5,54,Fail
87,5.5,56,Pass
67,5.0,34,Pass
82,5.0,58,Pass
84,5.0,92,Pass
68,1.0,33,Fail
95,4.5,65,Pass
99,4.5,26,Pass
58,1.5,48,Pass
43,3.0,78,Fail
59,4.0,65,Pass
50,5.5,31,Fail
70,1.0,57,Fail
60,5.5,31,Fail
66,5.5,51,Pass
85,5.5,79,Pass
53,0.5,43,Fail
70,1.5,57,Fail
57,4.5,60,Pass
86,2.5,85,Pass
77,1.0,34,Fail
36,4.5,64,Pass
78,0.5,27,Fail
46,3.0,32,Fail
82,5.5,40,Pass
72,3.0,75,Pass
61,5.5,28,Pass
80,2.5,91,Pass
91,2.5,55,Pass
86,1.0,84,Pass
70,2.5,41,Fail
82,2.5,49,Fail
62,5.0,76,Pass
86,5.5,52,Pass
89,0.5,61,Fail
44,1.0,82,Fail
50,4.0,71,Pass
53,3.0,84,Pass
46,2.0,31,Fail
61,2.0,68,Fail
48,1.5,67,Fail
74,3.5,67,Pass
42,0.5,66,Fail
53,4.5,76,Pass
78,2.0,84,Pass
61,3.0,41,Fail
62,3.5,32,Fail
87,1.5,30,Fail
99,5.5,36,Pass
72,4.5,71,Pass
40,5.5,54,Fail
42,3.0,49,Fail
98,3.0,89,Pass
79,2.0,88,Pass
84,3.5,63,Pass
79,4.0,57,Pass
47,3.0,44,Fail
64,1.5,57,Fail
87,2.0,54,Pass
91,0.5,25,Fail
50,2.5,78,Pass
74,3.5,56,Pass
45,6.0,41,Fail
97,1.5,72,Pass
51,1.0,56,Pass
82,2.0,47,Pass
50,1.5,41,Fail
75,4.5,29,Pass
78,0.5,60,Fail
56,6.0,51,Pass
88,5.0,28,Pass
93,3.0,82,Pass
91,5.5,82,Pass
57,4.0,59,Pass
83,6.0,84,Pass
71,2.0,59,Fail
74,6.0,37,Pass
66,1.5,61,Pass
74,2.5,47,Pass
44,5.5,57,Pass
62,2.5,93,Pass
47,1.5,50,Fail
53,1.0,40,Fail
43,1.5,34,Fail
49,2.5,87,Pass
86,3.0,26,Pass
71,3.5,89,Pass
37,5.0,29,Fail
86,0.5,78,Fail
94,5.0,46,Pass
92,3.5,42,Pass
88,4.5,38,Pass
99,4.5,34,Pass
73,5.5,30,Pass
98,1.0,36,Pass
97,3.5,66,Pass
55,5.5,65,Pass
91,4.5,45,Pass
87,1.0,73,Pass
85,4.0,79,Pass
93,5.0,94,Pass
60,2.0,56,Fail
61,4.0,51,Pass
77,5.0,93,Pass
83,3.5,91,Pass
92,1.5,90,Pass
92,3.5,68,Pass
82,3.5,68,Pass
97,2.5,90,Pass
47,4.0,59,Pass
97,3.0,40,Pass
39,5.5,94,Pass
71,5.0,84,Pass
41,5.0,29,Fail
72,3.5,33,Pass
60,1.5,87,Fail
40,4.5,46,Pass
77,1.0,74,Fail
83,3.5,33,Pass
46,1.0,37,Fail
80,3.5,77,Pass
47,4.5,94,Pass
44,3.0,60,Fail
45,3.0,28,Fail
74,1.0,41,Fail
86,2.0,40,Pass
74,3.0,90,Pass
88,5.0,54,Pass
73,5.5,91,Pass
87,5.5,85,Pass
98,1.0,57,Pass
60,2.0,27,Fail
45,3.0,93,Pass
44,4.0,26,Fail
74,4.5,85,Pass
71,5.0,54,Pass
47,3.0,46,Fail
92,3.5,54,Pass
97,6.0,50,Pass
51,2.0,73,Pass
48,5.0,65,Pass
49,4.5,43,Fail
60,1.5,62,Fail
90,5.5,53,Pass
74,5.0,89,Pass
39,5.0,87,Pass
66,1.0,68,Fail
41,1.5,93,Fail
61,4.5,51,Pass
61,1.0,31,Fail
77,1.0,28,Fail
71,2.5,83,Pass
92,0.5,52,Pass
36,4.5,85,Pass
85,3.5,57,Pass
36,1.0,26,Fail
55,3.5,62,Pass
92,1.0,67,Pass
80,1.0,57,Pass
46,3.0,84,Pass
67,3.0,70,Fail
82,2.5,51,Fail
96,4.0,75,Pass
76,2.5,47,Fail
37,3.5,84,Fail
67,2.5,45,Fail
45,4.5,72,Pass
38,3.5,54,Fail
74,1.5,32,Fail
85,4.5,69,Pass
37,5.0,52,Fail
86,1.0,69,Pass
81,4.0,63,Pass
84,5.0,28,Pass
51,1.0,39,Fail
61,5.5,74,Pass
43,3.0,58,Fail
51,4.5,58,Pass
55,5.5,25,Pass
56,6.0,46,Pass
46,3.5,72,Pass
47,4.5,87,Pass
94,2.0,65,Pass
86,2.0,63,Pass
57,5.0,58,Pass
97,2.5,72,Pass
51,5.0,81,Pass
61,1.0,40,Fail
88,1.5,75,Pass
64,1.5,42,Fail
50,3.5,27,Fail
59,1.0,30,Fail
68,2.5,28,Pass
75,6.0,45,Pass
61,5.0,34,Pass
63,4.5,31,Pass
52,1.0,35,Fail
70,2.5,28,Fail
49,4.0,49,Fail
91,0.5,83,Pass
84,3.0,64,Pass
62,5.5,30,Pass
84,1.0,51,Pass
35,5.5,55,Pass
57,1.5,37,Fail
64,1.5,51,Fail
66,1.5,49,Fail
84,5.5,60,Pass
98,4.0,74,Pass
60,4.5,59,Pass
58,2.5,30,Fail
75,5.5,29,Pass
53,3.5,87,Pass
44,4.0,74,Pass
98,4.5,71,Pass
88,5.0,89,Pass
97,4.5,63,Pass
49,1.0,30,Fail
36,5.5,75,Pass
63,2.0,36,Fail
96,6.0,72,Pass
44,2.5,53,Fail
43,1.0,27,Fail
39,2.0,29,Fail
85,3.5,52,Pass
86,2.5,67,Pass
80,5.0,37,Pass
38,4.5,32,Fail
82,1.5,51,Pass
64,3.5,81,Pass
45,5.0,80,Pass
54,5.5,73,Fail
68,2.5,55,Pass
56,5.5,56,Pass
98,0.5,41,Fail
66,4.0,35,Pass
59,5.0,26,Fail
79,3.0,85,Pass
77,0.5,60,Fail
35,4.5,25,Fail
75,2.5,62,Pass
51,1.5,43,Fail
59,1.5,55,Fail
81,4.5,72,Pass
71,1.5,82,Pass
59,3.0,74,Fail
46,6.0,88,Pass
68,4.5,41,Pass
56,3.5,71,Pass
94,3.5,87,Pass
70,1.5,47,Fail
91,3.0,81,Pass
60,1.5,91,Pass
89,1.0,70,Fail
39,1.0,36,Fail
54,4.0,43,Fail
40,1.5,73,Fail
37,1.5,86,Fail
95,5.5,27,Pass
82,1.0,48,Fail
76,4.5,41,Pass
70,3.0,55,Fail
72,3.5,79,Pass
77,0.5,60,Fail
89,0.5,61,Pass
74,5.0,68,Pass
84,3.0,61,Pass
53,1.0,73,Fail
98,2.5,32,Pass
37,3.5,27,Fail
60,1.0,83,Fail
92,3.5,59,Pass
47,3.5,46,Fail
44,4.0,57,Pass
59,5.0,71,Pass
63,3.0,34,Fail
96,5.5,62,Pass
89,3.0,33,Pass
65,3.0,85,Pass
98,4.0,64,Pass
77,4.0,82,Pass
92,0.5,75,Pass
51,6.0,82,Pass
67,5.5,49,Pass
37,2.0,35,Fail
36,3.5,87,Fail
81,4.5,87,Pass
43,5.5,87,Pass
71,3.5,94,Pass
80,0.5,67,Pass
37,4.0,61,Fail
64,1.0,81,Fail
79,4.0,33,Pass
93,3.5,80,Pass
54,4.0,82,Pass
98,1.5,65,Pass
90,3.0,52,Pass
77,4.0,71,Pass
60,2.0,89,Pass
81,1.5,36,Fail
88,1.5,47,Pass
55,5.0,72,Pass
100,3.0,83,Pass
94,4.0,71,Pass
67,3.5,66,Pass
82,5.0,31,Pass
69,3.5,55,Pass
84,1.0,87,Pass
89,1.5,50,Pass
37,0.5,52,Fail
40,5.0,50,Pass
57,4.0,50,Pass
95,4.5,53,Pass
61,4.5,79,Pass
93,5.0,57,Pass
65,6.0,67,Pass
54,4.0,56,Pass
94,2.0,86,Pass
71,1.0,38,Fail
58,3.5,34,Fail
38,4.5,54,Fail
42,3.5,93,Pass
44,2.0,74,Fail
59,4.5,68,Pass
74,3.0,52,Pass
55,2.0,46,Fail
39,5.0,92,Pass
52,3.5,55,Pass
62,2.0,75,Pass
99,2.5,82,Pass
61,3.5,71,Pass
41,3.0,41,Fail
73,1.5,45,Fail
95,4.0,27,Pass
86,4.5,93,Pass
89,0.5,83,Pass
95,3.5,53,Pass
76,3.5,87,Pass
100,2.5,36,Pass
37,2.5,28,Fail
89,2.0,34,Pass
91,3.0,87,Pass
95,5.0,36,Pass
66,3.0,30,Pass
86,6.0,38,Pass
48,2.5,54,Fail
74,4.5,60,Pass
58,3.5,42,Fail
74,4.5,81,Pass
79,5.5,92,Pass
58,3.5,45,Pass
49,3.0,90,Pass
56,5.5,82,Pass
78,5.5,87,Pass
79,6.0,29,Pass
83,1.5,83,Fail
43,0.5,66,Fail
88,3.0,28,Pass
80,4.5,78,Pass
37,1.0,42,Fail
57,2.5,81,Pass
65,3.5,69,Pass
58,1.5,59,Fail
43,4.5,27,Fail
48,2.0,87,Pass
37,5.0,35,Fail
41,2.5,83,Fail
52,4.0,73,Pass
88,3.5,30,Fail
69,2.0,63,Fail
63,3.0,92,Pass
78,5.0,90,Pass
70,3.5,35,Fail
44,1.0,37,Fail
49,4.5,36,Fail
49,1.5,78,Fail
74,3.0,36,Pass
65,3.0,30,Pass
60,3.0,52,Pass
71,0.5,93,Fail
98,2.0,47,Pass
55,1.0,76,Fail
69,3.0,35,Fail
66,4.0,68,Pass
82,4.0,66,Pass
82,1.0,88,Pass
82,1.0,75,Pass
48,4.0,33,Pass
64,3.5,53,Pass
88,5.0,25,Fail
60,1.5,42,Fail
99,1.0,93,Pass
59,2.5,57,Fail
67,4.0,86,Pass
66,3.0,27,Fail
63,1.0,87,Pass
90,1.0,87,Pass
45,4.0,71,Pass
72,2.0,33,Pass
75,4.0,86,Pass
90,2.0,88,Pass
75,2.0,39,Fail
97,1.5,91,Pass
92,6.0,87,Pass
58,0.5,39,Fail
91,1.0,53,Pass
97,5.0,49,Pass
52,1.5,60,Fail
75,2.0,87,Pass
53,2.0,86,Pass
77,4.5,37,Pass
41,3.0,64,Fail
83,5.0,62,Pass
62,4.5,57,Pass
73,3.5,75,Pass
37,2.0,70,Fail
80,5.0,44,Pass
67,5.5,49,Pass
76,5.0,87,Pass
56,1.0,48,Fail
44,4.5,56,Pass
63,4.5,93,Pass
96,5.5,85,Pass
50,2.0,74,Fail
79,5.0,46,Pass
38,4.5,69,Pass
82,5.5,70,Pass
50,4.5,54,Pass
64,5.0,28,Pass
59,2.5,51,Fail
42,1.5,61,Fail
57,2.5,92,Pass
58,5.0,76,Pass
69,1.0,33,Fail
98,4.0,46,Pass
66,6.0,62,Pass
94,5.5,57,Pass
65,4.0,25,Pass
42,5.0,90,Pass
50,1.0,88,Fail
61,3.0,90,Pass
56,3.5,55,Pass
91,5.0,83,Pass
79,2.0,75,Pass
73,1.0,61,Pass
67,4.5,30,Pass
61,3.0,37,Pass
75,5.0,42,Pass
43,3.0,88,Fail
46,5.0,72,Pass
55,3.5,94,Pass
46,5.0,65,Fail
79,4.5,31,Pass
37,2.0,58,Fail
45,2.0,33,Fail
94,5.5,88,Pass
100,2.0,44,Pass
67,4.5,39,Pass
67,1.5,61,Fail
85,4.5,81,Pass
37,1.5,61,Fail
63,4.0,28,Fail
41,3.5,77,Pass
61,1.5,27,Fail
99,3.0,67,Pass
84,5.5,68,Pass
99,4.0,40,Pass
83,6.0,56,Pass
75,5.0,25,Pass
84,4.0,45,Pass
78,3.5,68,Pass
65,5.5,45,Fail
54,3.5,28,Pass
69,2.5,72,Pass
52,5.0,77,Pass
67,5.5,85,Pass
44,3.0,86,Pass
72,1.5,60,Fail
51,4.0,54,Pass
54,4.5,66,Pass
67,2.5,80,Pass
46,4.5,58,Fail
98,3.5,95,Pass
64,2.0,70,Fail
58,4.0,47,Fail
37,2.5,81,Fail
90,5.0,36,Pass
76,0.5,91,Pass
62,5.0,49,Pass
51,2.0,73,Fail
83,6.0,69,Pass
96,4.5,32,Pass
60,2.0,76,Fail
44,6.0,47,Pass
42,3.0,52,Fail
35,3.5,32,Fail
83,5.5,82,Pass
99,5.5,85,Pass
100,4.5,34,Pass
86,6.0,82,Pass
46,2.5,88,Pass
99,2.0,32,Pass
56,0.5,95,Fail
57,2.5,25,Fail
80,4.0,84,Pass
38,2.0,64,Fail
89,3.5,92,Pass
100,1.0,49,Pass
85,2.5,50,Pass
86,4.5,84,Pass
60,1.0,75,Fail
39,4.5,67,Pass
87,4.5,70,Pass
74,3.5,73,Pass
94,5.5,28,Pass
43,6.0,33,Pass
55,0.5,38,Fail
58,4.0,37,Fail
79,2.0,84,Pass
86,2.5,53,Pass
97,4.0,59,Pass
54,4.5,31,Fail
67,5.0,86,Pass
37,4.5,26,Fail
51,5.0,31,Pass
59,4.0,82,Pass
74,1.0,34,Fail
66,0.5,81,Pass
59,3.5,50,Fail
76,4.5,79,Pass
89,1.0,29,Pass
51,3.0,49,Fail
57,2.0,59,Fail
81,3.5,69,Pass
86,2.5,84,Pass
89,1.5,42,Fail
49,0.5,71,Fail
70,2.5,36,Fail
94,3.5,81,Pass
60,5.5,90,Pass
63,2.0,28,Fail
99,3.5,31,Pass
42,3.5,80,Pass
81,4.0,87,Pass
90,2.5,70,Pass
45,1.0,57,Fail
81,5.5,79,Pass
66,5.5,46,Fail
90,3.0,94,Pass
94,3.5,84,Pass
92,0.5,87,Fail
39,1.0,85,Fail
84,1.0,90,Pass
95,4.5,30,Pass
75,1.5,89,Pass
74,1.5,42,Pass
38,0.5,50,Fail
91,0.5,51,Fail
38,2.5,41,Fail
55,3.5,56,Pass
95,3.5,60,Pass
97,3.0,35,Pass
99,3.0,50,Pass
66,4.5,49,Pass
47,2.0,72,Fail
67,2.0,66,Pass
42,5.0,75,Pass
92,4.5,80,Pass
71,3.0,72,Pass
61,2.0,42,Pass
40,1.5,60,Fail
61,0.5,58,Fail
91,5.0,30,Pass
81,4.0,88,Pass
40,1.0,31,Fail
45,1.5,93,Fail
61,2.0,27,Fail
42,2.0,76,Fail
96,3.5,45,Pass
77,2.5,88,Pass
41,5.5,83,Pass
86,4.5,27,Pass
59,5.5,27,Fail
51,5.0,67,Pass
72,5.5,35,Pass
36,6.0,26,Fail
65,2.0,93,Pass
90,1.5,69,Pass
95,1.5,26,Fail
57,4.0,59,Fail
77,4.0,36,Pass
50,1.0,81,Fail
71,5.0,27,Pass
52,5.0,51,Pass
72,4.0,42,Pass
46,3.0,94,Pass
96,1.5,30,Fail
93,3.5,75,Pass
57,1.5,58,Fail
85,4.0,82,Pass
41,2.0,40,Fail
83,2.0,85,Pass
53,3.0,92,Pass
44,3.5,40,Fail
79,2.5,42,Fail
66,6.0,92,Pass
69,0.5,55,Fail
69,5.5,83,Pass
39,0.5,84,Fail
38,1.5,47,Fail
74,6.0,38,Pass
76,4.5,51,Pass
38,4.0,66,Fail
60,4.5,60,Pass
75,2.5,77,Pass
78,5.0,63,Pass
89,1.5,81,Pass
62,5.0,32,Pass
71,5.5,56,Pass
73,5.0,26,Pass
55,4.5,33,Fail
38,4.0,48,Fail
35,3.5,88,Pass
89,2.5,52,Pass
48,5.5,44,Fail
76,4.0,72,Pass
73,3.0,74,Pass
61,5.0,59,Pass
89,1.0,45,Fail
80,5.0,46,Pass
36,5.0,38,Pass
85,2.0,50,Pass
68,0.5,37,Fail
58,4.5,70,Pass
82,1.5,88,Pass
80,6.0,43,Pass
55,0.5,42,Fail
99,2.0,88,Pass
77,0.5,65,Fail
74,5.0,76,Pass
40,3.5,87,Fail
53,5.0,72,Pass
64,6.0,77,Pass
76,4.0,52,Pass
68,2.0,91,Pass
85,1.0,74,Pass
52,5.5,30,Pass
81,2.0,67,Pass
88,5.5,32,Pass
85,5.5,62,Pass
85,4.0,31,Pass
93,4.0,69,Pass
40,5.5,57,Pass
80,4.5,64,Pass
98,4.5,70,Pass
72,3.0,43,Fail
49,3.0,47,Fail
100,2.5,59,Pass
46,5.5,65,Pass
57,4.0,90,Pass
46,5.0,50,Pass
65,0.5,66,Fail
62,5.0,90,Pass
67,3.0,75,Fail
95,4.5,48,Pass
66,0.5,54,Fail
68,5.5,87,Pass
93,4.0,56,Pass
88,3.0,43,Pass
51,2.0,62,Fail
36,2.0,38,Fail
76,2.0,66,Pass
90,1.0,94,Pass
71,3.0,93,Pass
49,3.0,68,Pass
83,3.0,87,Pass
79,4.5,82,Pass
72,3.0,92,Pass
91,1.0,86,Pass
86,5.0,88,Pass
78,3.0,41,Pass
78,4.0,36,Pass
78,5.5,28,Pass
69,4.5,71,Pass
65,3.5,90,Pass
81,3.5,95,Pass
75,5.0,85,Pass
67,5.0,83,Pass
43,1.5,61,Fail
81,4.0,57,Pass
77,5.5,70,Pass
57,5.0,27,Pass
58,1.0,81,Fail
51,3.0,71,Fail
98,3.5,37,Pass
91,2.0,69,Pass
71,4.0,67,Pass
61,3.0,80,Pass
83,2.0,84,Pass
69,2.5,43,Fail
98,5.0,82,Pass
39,5.5,38,Pass
37,5.0,53,Fail
72,5.5,59,Pass
48,5.5,81,Pass
74,3.0,88,Pass
86,1.0,26,Fail
44,5.0,77,Pass
64,4.0,86,Pass
80,2.5,92,Pass
89,6.0,44,Pass
67,2.5,37,Fail
48,5.5,60,Pass
73,4.0,88,Pass
65,0.5,47,Fail
85,5.0,60,Pass
71,4.5,95,Pass
53,4.0,57,Pass
84,4.0,69,Pass
69,1.5,95,Pass
47,1.5,51,Fail
72,0.5,44,Fail
97,1.5,45,Fail
81,2.5,68,Pass
54,3.5,36,Fail
81,1.0,37,Fail
53,3.5,43,Fail
70,2.0,63,Pass
69,2.0,84,Pass
51,5.5,62,Pass
58,6.0,80,Pass
96,5.0,92,Pass
51,1.0,77,Fail
87,4.5,70,Pass
78,1.5,26,Fail
70,3.5,56,Pass
44,5.5,44,Fail
48,2.5,61,Pass
47,5.5,92,Pass
73,4.5,47,Pass
98,2.0,36,Pass
92,1.0,83,Pass
37,5.0,94,Pass
53,3.0,80,Fail
45,1.0,35,Fail
98,1.0,64,Pass
50,6.0,53,Pass
48,2.0,69,Pass
75,6.0,72,Pass
71,4.0,81,Pass
50,2.0,42,Fail
79,2.5,93,Pass
41,5.0,40,Fail
36,3.0,34,Fail
40,1.0,83,Fail
59,2.0,57,Fail
98,5.0,59,Pass
71,4.5,47,Fail
84,3.5,28,Pass
56,2.0,39,Fail
82,3.0,78,Pass
98,5.0,41,Pass
58,1.0,94,Fail
100,6.0,80,Pass
76,5.0,84,Pass
84,2.0,86,Pass
51,5.5,75,Pass
77,4.0,58,Pass
68,4.0,89,Pass
97,1.5,55,Pass
94,5.5,32,Pass
61,3.0,67,Pass
97,5.0,32,Pass
93,2.0,71,Pass
73,2.0,95,Pass
40,6.0,72,Fail
45,3.0,40,Fail
40,1.0,35,Fail
42,5.0,50,Fail
99,1.5,35,Pass
49,5.5,65,Pass
80,5.5,80,Pass
76,1.0,71,Pass
76,3.5,68,Pass
48,6.0,55,Pass
73,5.5,37,Pass
76,3.5,70,Pass
72,4.0,54,Pass
47,4.0,46,Fail
82,1.5,71,Fail
40,4.0,51,Pass
73,2.5,37,Fail
63,2.5,59,Fail
51,3.0,45,Fail
87,5.0,76,Pass
46,2.0,28,Fail
96,2.0,85,Pass
92,0.5,57,Fail
58,1.5,26,Fail
55,6.0,34,Pass
44,3.0,91,Fail
95,1.5,63,Pass
76,6.0,79,Pass
37,0.5,87,Fail
68,3.0,47,Pass
41,5.0,63,Pass
72,5.0,71,Pass
68,1.5,84,Pass
40,4.5,54,Pass
88,4.0,92,Pass
52,4.0,67,Pass
70,2.0,86,Pass
77,5.0,31,Fail
98,3.5,57,Pass
67,4.5,38,Pass
95,5.5,89,Pass
58,5.0,41,Pass
91,5.0,75,Pass
50,2.0,29,Fail
81,1.0,39,Fail
41,3.5,47,Fail
99,0.5,80,Pass
97,4.5,43,Pass
64,4.5,82,Pass
69,3.5,80,Pass
74,1.5,94,Pass
53,5.5,72,Pass
79,4.0,70,Pass
80,3.5,67,Pass
69,3.5,33,Pass
45,1.0,61,Fail
95,4.5,85,Pass
42,1.0,26,Fail
76,3.5,34,Pass
42,1.5,67,Fail
44,1.5,84,Fail
36,2.0,47,Fail
59,0.5,86,Pass
77,5.5,49,Pass
69,5.0,58,Pass
79,0.5,92,Pass
79,1.0,54,Pass
44,5.0,67,Pass
39,0.5,90,Fail
76,3.0,44,Pass
77,1.0,31,Fail
71,4.0,92,Pass
51,6.0,64,Pass
88,1.5,93,Pass
40,6.0,86,Pass
76,5.5,67,Pass
43,6.0,58,Pass
78,4.5,59,Pass
62,5.0,37,Pass
82,4.0,57,Pass
38,5.5,83,Pass
71,1.0,94,Pass
44,4.5,92,Pass
79,4.0,92,Pass
43,1.0,26,Fail
40,2.0,61,Fail
81,1.5,39,Fail
39,2.5,68,Fail
50,1.5,91,Pass
89,2.0,86,Pass
88,2.0,86,Pass
91,4.0,51,Pass
56,1.0,60,Fail
69,2.0,45,Fail
85,2.0,64,Pass
44,3.0,46,Fail
82,0.5,82,Fail
41,6.0,58,Pass
94,2.0,74,Pass
76,2.0,86,Pass
67,3.5,46,Pass
67,5.0,69,Pass
47,3.0,84,Pass
57,2.0,92,Fail
82,3.5,36,Pass
70,3.0,73,Fail
69,3.0,55,Pass
48,6.0,45,Pass
80,6.0,36,Pass
60,3.5,66,Pass
47,1.0,48,Fail
96,3.5,72,Pass
68,5.5,45,Pass
69,5.5,25,Pass
99,1.5,79,Pass
59,1.5,36,Fail
96,1.5,43,Fail
80,5.0,41,Pass
76,3.0,49,Pass
50,2.5,59,Fail
38,2.5,82,Pass
63,2.0,71,Pass
36,5.5,35,Fail
40,3.0,38,Fail
74,2.0,84,Pass
82,4.5,42,Pass
46,4.0,40,Fail
83,4.5,25,Pass
97,5.0,79,Pass
83,1.0,77,Pass
86,0.5,49,Fail
81,1.0,26,Fail
50,4.5,80,Pass
58,5.5,32,Fail
97,2.5,57,Pass
78,5.0,84,Pass
86,4.5,42,Pass
98,6.0,52,Pass
50,3.0,71,Pass
56,1.5,72,Fail
77,4.5,57,Pass
37,5.0,55,Pass
72,4.5,54,Fail
88,5.0,59,Pass
75,2.5,49,Fail
54,4.5,43,Pass
82,2.0,47,Pass
44,3.0,58,Fail
93,2.0,52,Pass
42,1.5,66,Fail
91,0.5,69,Pass
67,4.0,95,Pass
63,5.5,68,Pass
68,2.0,76,Pass
48,3.0,32,Fail
65,0.5,78,Fail
90,3.0,61,Pass
87,2.0,86,Pass
46,3.5,93,Pass
79,5.5,41,Pass
91,3.5,90,Pass
88,4.0,72,Pass
63,4.5,77,Pass
38,1.5,58,Fail
96,2.5,50,Pass
61,1.0,81,Pass
58,3.0,27,Fail
84,5.5,63,Pass
52,3.0,30,Fail
89,3.0,43,Pass
40,1.5,76,Fail
83,2.0,78,Pass
98,5.5,87,Pass
100,2.0,75,Pass
95,4.5,72,Pass
92,0.5,91,Pass
53,1.0,63,Fail
98,2.0,71,Pass
95,5.5,86,Pass
70,1.5,78,Pass
61,4.5,79,Pass
42,1.5,63,Fail
73,4.0,62,Pass
81,3.5,70,Pass
61,4.0,74,Pass
61,2.0,63,Fail
72,1.5,38,Fail
37,5.5,42,Pass
97,3.5,60,Pass
54,1.5,39,Fail
44,3.0,55,Fail
35,1.0,35,Fail
91,3.0,35,Pass
91,3.0,84,Pass
41,1.0,63,Fail
45,3.0,80,Pass
64,4.0,26,Pass
47,5.5,45,Pass
83,4.5,26,Pass
39,3.5,25,Fail
71,4.5,27,Fail
60,2.0,62,Pass
65,4.0,31,Fail
63,0.5,81,Fail
45,1.0,61,Fail
49,4.0,42,Fail
39,1.5,84,Fail
42,4.5,61,Fail
99,4.0,50,Pass
53,1.0,65,Fail
55,2.5,72,Pass
43,4.0,64,Fail
84,4.5,90,Pass
95,5.0,50,Pass
86,2.5,54,Pass
75,5.0,85,Pass
88,2.5,70,Pass
61,0.5,93,Fail
91,4.0,80,Pass
87,2.0,61,Pass
35,1.0,69,Fail
67,2.0,53,Pass
52,5.0,34,Fail
41,5.5,53,Fail
90,6.0,45,Pass
36,2.0,72,Fail
82,3.0,72,Pass
99,5.0,91,Pass
66,2.0,31,Fail
59,2.5,58,Fail
74,2.0,53,Fail
87,3.5,62,Pass
51,4.0,33,Fail
51,2.5,59,Fail
74,0.5,71,Fail
96,4.5,47,Pass
54,4.0,71,Pass
59,1.5,44,Fail
100,2.0,51,Pass
46,6.0,89,Pass
40,4.0,27,Fail
73,4.0,44,Pass
37,4.0,91,Fail
47,5.5,35,Pass
75,2.5,53,Pass
78,2.0,57,Fail
68,2.5,71,Fail
60,5.0,68,Pass
72,1.0,69,Fail
77,1.5,91,Pass
87,2.0,52,Fail
87,4.0,59,Pass
78,4.0,92,Pass
93,2.5,34,Pass
89,2.0,91,Pass
44,4.5,91,Pass
97,0.5,92,Pass
93,4.5,30,Pass
56,1.5,65,Fail
36,5.5,84,Pass
74,3.0,47,Fail
63,4.0,66,Pass
84,1.0,43,Fail
69,2.0,34,Fail
40,4.5,85,Pass
51,3.5,94,Pass
92,4.5,30,Pass
37,3.5,33,Fail
83,3.5,66,Pass
54,5.0,31,Fail
64,3.0,69,Pass
70,5.5,75,Pass
51,2.5,54,Fail
77,2.5,78,Pass
80,5.0,33,Pass
41,0.5,46,Fail
59,1.5,82,Fail
83,1.0,31,Fail
82,3.5,45,Pass
70,4.0,68,Pass
86,0.5,42,Fail
42,1.5,59,Fail
43,2.0,84,Fail
78,2.0,44,Fail
80,1.0,56,Pass
88,1.5,26,Fail
47,5.0,75,Pass
69,4.5,50,Pass
78,2.0,85,Pass
50,2.0,31,Fail
69,1.0,80,Pass
76,2.5,82,Pass
49,2.5,79,Fail
59,5.5,76,Pass
49,4.5,42,Fail
94,3.0,54,Pass
50,1.0,52,Fail
43,4.0,42,Fail
37,5.5,59,Pass
38,1.0,74,Fail
47,5.0,59,Pass
75,1.5,93,Pass
36,4.5,75,Fail
54,1.5,56,Fail
39,4.0,53,Pass
61,2.0,66,Pass
38,3.5,55,Fail
74,4.0,41,Fail
80,4.0,61,Pass
83,4.5,72,Pass
50,1.0,50,Fail
91,4.5,45,Pass
80,1.5,40,Fail
39,4.0,50,Pass
64,1.0,42,Fail
85,3.0,78,Pass
55,2.5,70,Fail
60,6.0,45,Pass
76,4.0,94,Pass
39,1.0,70,Fail
98,4.5,35,Pass
46,1.5,83,Fail
37,2.0,78,Fail
35,2.5,60,Fail
61,5.0,41,Pass
92,5.5,82,Pass
88,5.5,34,Pass
94,1.5,54,Pass
70,1.0,82,Fail
64,5.0,81,Pass
60,2.0,69,Pass
38,3.5,26,Fail
94,6.0,48,Pass
67,1.5,85,Fail
65,2.5,75,Pass
68,5.5,82,Pass
87,4.0,29,Pass
50,5.5,91,Pass
81,4.0,41,Pass
81,2.0,48,Pass
90,5.0,84,Pass
36,4.5,53,Fail
46,5.5,70,Pass
66,3.0,64,Pass
90,3.5,86,Pass
98,2.5,36,Pass
74,2.0,32,Fail
49,6.0,69,Pass
47,6.0,84,Pass
77,3.5,90,Pass
49,6.0,53,Pass
71,2.5,76,Fail
89,5.0,52,Pass
60,4.0,47,Pass
60,4.5,27,Fail
37,4.5,43,Fail
52,4.0,37,Fail
80,5.0,44,Pass
58,2.5,45,Fail
45,5.0,85,Pass
42,1.5,39,Fail
41,1.5,82,Fail
78,4.5,85,Pass
75,4.5,57,Pass
69,5.5,76,Pass
68,2.0,47,Fail
45,1.0,26,Fail
68,3.5,75,Pass
39,5.5,67,Pass
95,6.0,57,Pass
39,5.0,88,Pass
63,3.0,76,Pass
35,5.0,55,Fail
86,1.5,29,Fail
46,5.5,86,Pass
95,3.5,94,Pass
38,2.5,69,Fail
88,3.5,79,Pass
78,5.0,60,Pass
51,2.0,42,Fail
48,1.0,89,Fail
58,4.5,73,Pass
89,5.5,63,Pass
91,4.0,73,Pass
46,1.5,61,Fail
58,4.0,29,Fail
50,1.0,71,Fail
43,2.0,25,Fail
77,0.5,40,Fail
57,3.0,36,Fail
50,2.5,49,Fail
91,1.0,89,Pass
84,2.0,31,Pass
85,4.0,50,Pass
38,2.0,78,Fail
94,1.5,85,Pass
72,3.5,77,Pass
68,4.5,93,Pass
36,5.0,74,Pass
93,3.0,77,Pass
70,4.5,55,Pass
89,5.0,46,Pass
78,4.0,57,Pass
87,3.5,79,Pass
80,1.0,71,Pass
95,2.0,79,Pass
50,2.5,69,Fail
48,2.5,76,Fail
81,5.5,36,Pass
68,1.5,48,Fail
74,3.5,64,Fail
81,6.0,26,Pass
71,4.0,89,Pass
86,1.5,42,Fail
56,6.0,31,Pass
91,2.5,71,Pass
42,1.0,39,Fail
76,3.0,64,Pass
93,2.0,42,Pass
51,5.0,37,Fail
56,1.5,76,Pass
55,5.0,52,Pass
72,0.5,65,Fail
62,5.5,40,Pass
42,0.5,64,Fail
93,5.5,54,Pass
48,1.0,29,Fail
70,5.5,76,Pass
74,5.0,64,Pass
38,4.0,90,Pass
41,0.5,82,Fail
98,4.0,65,Pass
78,4.0,28,Pass
37,3.5,78,Pass
87,4.0,63,Pass
68,6.0,83,Pass
40,6.0,65,Pass
79,3.5,25,Fail
67,1.0,82,Fail
48,1.0,81,Pass
92,4.5,32,Pass
54,6.0,73,Pass
53,3.0,62,Fail
53,1.0,66,Fail
85,2.5,87,Pass
81,2.5,42,Pass
94,6.0,26,Pass
50,4.5,40,Fail
86,1.0,89,Pass
72,2.5,40,Fail
55,1.0,72,Fail
37,4.0,80,Fail
88,4.0,82,Pass
51,1.0,26,Fail
76,2.5,26,Fail
71,5.5,94,Pass
35,5.0,62,Pass
100,3.5,29,Pass
88,3.0,27,Fail
67,6.0,82,Pass
79,4.5,88,Pass
66,5.5,62,Pass
83,1.0,51,Fail
44,1.5,74,Fail
64,0.5,27,Fail
57,5.5,88,Pass
65,4.5,43,Pass
64,1.5,38,Fail
44,6.0,47,Pass
98,6.0,29,Pass
36,1.5,52,Fail
36,4.0,75,Pass
59,4.0,60,Pass
75,0.5,72,Fail
47,4.5,40,Fail
70,1.5,53,Fail
82,5.5,61,Pass
41,5.0,65,Pass
99,5.5,38,Pass
57,4.5,82,Pass
77,1.5,31,Fail
42,2.5,32,Fail
81,4.5,42,Pass
90,2.5,71,Fail
42,4.5,30,Fail
43,2.5,26,Fail
53,1.5,58,Fail
36,3.5,49,Fail
99,4.5,36,Pass
74,3.5,71,Pass
74,4.0,70,Pass
97,3.0,34,Pass
89,5.0,41,Pass
88,4.0,51,Pass
57,3.5,94,Pass
57,3.0,79,Pass
54,3.5,49,Fail
58,1.0,93,Fail
59,4.0,57,Pass
44,1.5,52,Fail
58,5.0,91,Pass
64,5.0,77,Pass
55,3.5,63,Pass
46,5.0,67,Pass
59,4.0,93,Pass
66,1.5,36,Fail
